id,session,Gender,Spectacles,Facial_Hair,Pose,Emotion,combined_labels
1001,2008-02-23_12-21-31,1,0,0,0,1,1_0_0_0_1
1001,2009-10-09_14-53-43,1,0,0,0,0,1_0_0_0_0
1001,2009-10-05_09-19-46,1,0,0,0,1,1_0_0_0_1
1001,2009-09-18_17-46-51,1,0,0,0,1,1_0_0_0_1
1001,2009-08-19_09-01-09,1,0,0,0,1,1_0_0_0_1
1001,2009-08-13_12-43-23,1,0,0,0,0,1_0_0_0_0
1001,2009-08-06_11-35-21,1,0,0,0,0,1_0_0_0_0
1001,2009-07-31_15-09-14,1,0,0,0,0,1_0_0_0_0
1001,2009-07-28_15-20-10,1,0,0,0,1,1_0_0_0_1
1001,2009-07-10_15-03-01,1,0,0,0,0,1_0_0_0_0
1001,2009-07-09_13-25-40,1,0,0,0,0,1_0_0_0_0
1001,2009-06-26_14-48-20,1,0,0,0,0,1_0_0_0_0
1001,2009-06-26_11-54-17,1,0,0,0,0,1_0_0_0_0
1001,2008-05-14_11-01-48,1,0,0,0,1,1_0_0_0_1
1001,2009-07-28_15-19-04,1,0,0,0,0,1_0_0_0_0
1001,2008-04-19_08-34-45,1,0,0,0,0,1_0_0_0_0
1001,2008-05-14_11-01-27,1,0,0,0,0,1_0_0_0_0
1001,2008-03-01_07-58-49,1,0,0,0,0,1_0_0_0_0
1001,2008-03-01_10-39-28,1,0,0,0,1,1_0_0_0_1
1001,2008-03-02_11-25-38,1,0,0,0,0,1_0_0_0_0
1001,2008-03-06_15-13-46,1,0,0,0,0,1_0_0_0_0
1001,2008-03-08_07-57-08,1,0,0,0,0,1_0_0_0_0
1001,2008-03-01_07-57-06,1,0,0,0,0,1_0_0_0_0
1001,2008-03-20_15-10-39,1,0,0,0,0,1_0_0_0_0
1001,2008-03-27_16-25-37,1,0,0,0,0,1_0_0_0_0
1001,2008-04-05_08-04-07,1,0,0,0,0,1_0_0_0_0
1001,2008-04-05_11-22-53,1,0,0,0,0,1_0_0_0_0
1001,2008-03-20_15-10-27,1,0,0,0,0,1_0_0_0_0
1002,2009-08-17_16-00-09,1,0,0,0,0,1_0_0_0_0
1002,2009-08-21_10-35-42,1,0,0,0,0,1_0_0_0_0
1002,2009-08-25_07-42-43,1,0,0,0,0,1_0_0_0_0
1002,2009-08-25_12-25-12,1,0,0,0,0,1_0_0_0_0
1002,2009-08-26_10-33-57,1,0,0,0,0,1_0_0_0_0
1002,2009-08-27_16-41-09,1,0,0,0,0,1_0_0_0_0
1002,2009-08-28_16-03-31,1,0,0,0,0,1_0_0_0_0
1002,2009-09-14_15-58-16,1,0,0,0,0,1_0_0_0_0
1002,2009-09-18_14-13-37,1,0,0,0,0,1_0_0_0_0
1002,2009-08-04_17-05-45,1,0,0,0,1,1_0_0_0_1
1002,2009-08-27_08-20-34,1,0,0,0,0,1_0_0_0_0
1002,2009-07-30_14-57-27,1,0,0,0,0,1_0_0_0_0
1002,2009-07-10_10-16-53,1,0,0,0,0,1_0_0_0_0
1002,2009-07-08_08-18-43,1,0,0,0,0,1_0_0_0_0
1002,2009-07-07_16-40-16,1,0,0,0,1,1_0_0_0_1
1002,2009-07-07_16-05-01,1,0,0,0,0,1_0_0_0_0
1002,2008-06-26_17-31-17,1,0,0,0,0,1_0_0_0_0
1002,2008-06-02_18-09-17,1,0,0,0,0,1_0_0_0_0
1002,2008-04-01_18-54-30,1,0,0,0,0,1_0_0_0_0
1002,2008-04-01_18-52-11,1,0,0,0,0,1_0_0_0_0
1002,2008-03-28_14-11-04,1,0,0,0,0,1_0_0_0_0
1002,2008-02-25_17-34-06,1,0,0,0,0,1_0_0_0_0
1002,2008-02-15_16-27-21,1,0,0,0,0,1_0_0_0_0
1002,2009-07-17_16-26-27,1,0,0,0,1,1_0_0_0_1
1004,2008-04-29_17-39-17,1,0,1,0,0,1_0_1_0_0
1004,2008-04-25_16-08-14,1,0,1,0,0,1_0_1_0_0
1004,2008-04-25_16-24-57,1,0,1,0,0,1_0_1_0_0
1004,2008-04-25_17-20-23,1,0,1,0,0,1_0_1_0_0
1004,2008-04-28_14-47-09,1,0,1,0,0,1_0_1_0_0
1004,2008-04-29_13-16-01,1,0,1,0,0,1_0_1_0_0
1004,2008-04-29_10-30-53,1,0,1,0,0,1_0_1_0_0
1004,2008-04-29_12-21-58,1,0,1,0,0,1_0_1_0_0
1004,2008-04-29_12-37-05,1,0,1,0,0,1_0_1_0_0
1004,2008-04-25_13-40-44,1,0,1,0,0,1_0_1_0_0
1004,2008-04-28_18-02-17,1,0,1,0,0,1_0_1_0_0
1004,2008-04-25_13-23-22,1,0,1,0,0,1_0_1_0_0
1004,2008-04-22_10-33-30,1,0,1,0,0,1_0_1_0_0
1004,2008-04-23_16-47-10,1,0,1,0,0,1_0_1_0_0
1004,2008-04-23_11-52-09,1,0,1,0,0,1_0_1_0_0
1004,2008-04-23_11-26-50,1,0,1,0,0,1_0_1_0_0
1004,2008-04-22_15-58-12,1,0,1,0,0,1_0_1_0_0
1004,2008-04-22_09-50-09,1,0,1,0,0,1_0_1_0_0
1004,2008-04-21_12-23-55,1,0,1,0,0,1_0_1_0_0
1004,2008-04-21_12-14-19,1,0,1,0,0,1_0_1_0_0
1004,2008-04-21_10-10-40,1,0,1,0,0,1_0_1_0_0
1004,2008-04-18_15-21-24,1,0,1,0,0,1_0_1_0_0
1004,2008-04-18_13-26-15,1,0,1,0,0,1_0_1_0_0
1004,2008-04-18_10-21-28,1,0,1,0,0,1_0_1_0_0
1004,2008-04-25_11-02-48,1,0,1,0,0,1_0_1_0_0
1004,2008-04-30_11-54-14,1,0,1,0,0,1_0_1_0_0
1004,2009-08-13_10-53-23,1,0,1,0,1,1_0_1_0_1
1004,2008-04-30_17-27-24,1,0,1,0,0,1_0_1_0_0
1004,2008-04-18_10-19-18,1,0,1,0,0,1_0_1_0_0
1004,2009-07-16_08-49-27,1,0,1,0,0,1_0_1_0_0
1004,2009-07-13_12-46-26,1,0,1,0,0,1_0_1_0_0
1004,2009-07-13_07-48-43,1,0,1,0,0,1_0_1_0_0
1004,2009-07-07_12-47-15,1,0,1,0,0,1_0_1_0_0
1004,2009-07-02_10-34-52,1,0,1,0,0,1_0_1_0_0
1004,2009-07-02_09-46-49,1,0,1,0,0,1_0_1_0_0
1004,2009-06-25_17-12-28,1,0,1,0,0,1_0_1_0_0
1004,2009-06-25_15-41-45,1,0,1,0,0,1_0_1_0_0
1004,2008-06-06_16-32-37,1,0,0,0,0,1_0_0_0_0
1004,2008-06-06_14-06-20,1,0,0,0,0,1_0_0_0_0
1004,2008-04-30_13-36-29,1,0,1,0,0,1_0_1_0_0
1004,2008-06-06_13-03-24,1,0,0,0,0,1_0_0_0_0
1004,2008-06-06_10-59-05,1,0,0,0,0,1_0_0_0_0
1004,2008-05-22_13-12-17,1,0,1,0,0,1_0_1_0_0
1004,2008-05-22_10-10-26,1,0,1,0,0,1_0_1_0_0
1004,2008-05-22_09-17-43,1,0,1,0,0,1_0_1_0_0
1004,2008-05-21_14-27-21,1,0,1,0,0,1_0_1_0_0
1004,2008-05-21_13-35-52,1,0,1,0,0,1_0_1_0_0
1004,2008-05-19_17-44-26,1,0,1,0,1,1_0_1_0_1
1004,2008-05-19_17-43-28,1,0,1,0,0,1_0_1_0_0
1004,2008-05-12_16-11-24,1,0,1,0,0,1_0_1_0_0
1004,2008-05-12_13-39-32,1,0,1,0,0,1_0_1_0_0
1004,2008-05-01_11-45-08,1,0,1,0,0,1_0_1_0_0
1004,2008-06-06_11-11-56,1,0,0,0,0,1_0_0_0_0
1004,2008-04-18_09-28-43,1,0,1,0,0,1_0_1_0_0
1004,2008-04-17_12-42-41,1,0,1,0,0,1_0_1_0_0
1004,2008-04-17_17-20-41,1,0,1,0,0,1_0_1_0_0
1004,2008-04-02_12-44-07,1,0,1,0,0,1_0_1_0_0
1004,2008-04-02_09-22-19,1,0,1,0,0,1_0_1_0_0
1004,2008-04-02_09-16-21,1,0,1,0,0,1_0_1_0_0
1004,2008-04-01_15-06-09,1,0,1,0,0,1_0_1_0_0
1004,2008-04-01_13-20-39,1,0,1,0,0,1_0_1_0_0
1004,2008-03-31_16-11-53,1,0,1,0,0,1_0_1_0_0
1004,2008-03-27_13-50-32,1,0,1,0,0,1_0_1_0_0
1004,2008-03-27_13-14-47,1,0,1,0,0,1_0_1_0_0
1004,2008-03-11_09-44-20,1,0,1,0,0,1_0_1_0_0
1004,2008-03-11_09-36-03,1,0,1,0,0,1_0_1_0_0
1004,2008-03-07_15-22-17,1,0,1,0,0,1_0_1_0_0
1004,2008-04-02_14-50-27,1,0,1,0,0,1_0_1_0_0
1004,2008-03-06_13-08-00,1,0,1,0,0,1_0_1_0_0
1004,2008-03-05_12-45-05,1,0,1,0,0,1_0_1_0_0
1004,2008-03-05_12-23-16,1,0,1,0,0,1_0_1_0_0
1004,2008-02-25_17-33-16,1,0,1,0,0,1_0_1_0_0
1004,2008-02-21_18-11-37,1,0,1,0,0,1_0_1_0_0
1004,2008-02-21_17-12-02,1,0,1,0,0,1_0_1_0_0
1004,2008-04-18_08-45-16,1,0,1,0,0,1_0_1_0_0
1004,2008-02-21_13-38-47,1,0,1,0,0,1_0_1_0_0
1004,2008-02-21_13-38-31,1,0,1,0,0,1_0_1_0_0
1004,2008-02-21_11-39-28,1,0,1,0,0,1_0_1_0_0
1004,2008-02-21_11-08-02,1,0,1,0,0,1_0_1_0_0
1004,2008-02-21_11-07-38,1,0,1,0,0,1_0_1_0_0
1004,2008-03-06_12-48-44,1,0,1,0,0,1_0_1_0_0
1004,2008-04-02_16-14-28,1,0,1,0,0,1_0_1_0_0
1004,2008-02-21_14-07-06,1,0,1,0,0,1_0_1_0_0
1004,2008-04-03_18-22-03,1,0,1,0,0,1_0_1_0_0
1004,2008-04-03_16-10-51,1,0,1,0,0,1_0_1_0_0
1004,2008-04-17_15-39-45,1,0,1,0,0,1_0_1_0_0
1004,2008-04-17_15-39-26,1,0,1,0,0,1_0_1_0_0
1004,2008-04-16_15-06-30,1,0,1,0,0,1_0_1_0_0
1004,2008-04-15_15-15-06,1,0,1,0,0,1_0_1_0_0
1004,2008-04-15_13-01-42,1,0,1,0,0,1_0_1_0_0
1004,2008-04-14_17-39-00,1,0,1,0,0,1_0_1_0_0
1004,2008-04-14_11-46-00,1,0,1,0,0,1_0_1_0_0
1004,2008-04-14_10-06-11,1,0,1,0,0,1_0_1_0_0
1004,2008-04-11_13-27-58,1,0,1,0,0,1_0_1_0_0
1004,2008-04-09_17-40-09,1,0,1,0,0,1_0_1_0_0
1004,2008-04-15_10-23-43,1,0,1,0,0,1_0_1_0_0
1004,2008-04-09_11-59-22,1,0,1,0,0,1_0_1_0_0
1004,2008-04-04_09-25-15,1,0,1,0,0,1_0_1_0_0
1004,2008-04-09_17-37-24,1,0,1,0,0,1_0_1_0_0
1004,2008-04-04_16-38-42,1,0,1,0,0,1_0_1_0_0
1004,2008-04-08_10-40-25,1,0,1,0,0,1_0_1_0_0
1004,2008-04-08_11-49-40,1,0,1,0,0,1_0_1_0_0
1004,2008-04-04_13-00-49,1,0,1,0,0,1_0_1_0_0
1004,2008-04-08_13-00-44,1,0,1,0,0,1_0_1_0_0
1004,2008-04-08_13-05-32,1,0,1,0,0,1_0_1_0_0
1004,2008-04-08_13-07-56,1,0,1,0,0,1_0_1_0_0
1004,2008-04-08_13-00-11,1,0,1,0,0,1_0_1_0_0
1004,2008-04-09_10-32-31,1,0,1,0,0,1_0_1_0_0
1005,2008-02-25_17-53-39,1,0,0,1,0,1_0_0_1_0
1005,2008-02-18_18-54-42,1,0,0,0,1,1_0_0_0_1
1005,2008-02-18_18-55-00,1,0,0,0,1,1_0_0_0_1
1005,2008-02-25_17-53-26,1,0,0,0,0,1_0_0_0_0
1005,2008-05-15_15-38-30,1,0,0,0,0,1_0_0_0_0
1005,2009-07-07_17-26-52,1,0,0,0,0,1_0_0_0_0
1005,2009-07-08_17-02-21,1,0,0,0,1,1_0_0_0_1
1005,2009-07-20_12-51-16,1,0,0,0,0,1_0_0_0_0
1006,2009-07-10_14-34-59,1,0,0,0,0,1_0_0_0_0
1006,2009-07-03_11-10-21,1,0,0,0,0,1_0_0_0_0
1006,2009-07-14_16-13-38,1,0,0,0,0,1_0_0_0_0
1006,2009-07-01_17-50-22,1,0,0,1,0,1_0_0_1_0
1006,2009-06-25_17-38-02,1,0,0,0,1,1_0_0_0_1
1006,2009-06-26_12-44-36,1,0,0,0,0,1_0_0_0_0
1006,2009-06-26_08-37-41,1,0,0,0,0,1_0_0_0_0
1006,2009-06-29_17-40-54,1,0,0,0,0,1_0_0_0_0
1007,2009-08-27_14-51-34,1,1,1,0,0,1_1_1_0_0
1007,2009-09-01_10-20-10,1,1,1,0,0,1_1_1_0_0
1007,2009-09-04_09-33-18,1,1,1,0,0,1_1_1_0_0
1007,2009-09-08_08-43-25,1,1,0,0,0,1_1_0_0_0
1007,2009-09-08_08-44-52,1,1,0,0,0,1_1_0_0_0
1007,2009-09-08_09-16-55,1,1,0,0,0,1_1_0_0_0
1007,2009-09-08_13-12-31,1,1,0,0,0,1_1_0_0_0
1007,2009-09-09_15-16-38,1,1,1,0,0,1_1_1_0_0
1007,2009-09-09_18-00-19,1,1,1,0,0,1_1_1_0_0
1007,2009-09-11_09-23-18,1,1,0,0,0,1_1_0_0_0
1007,2009-09-11_15-54-18,1,1,0,0,0,1_1_0_0_0
1007,2009-09-14_08-49-24,1,1,0,0,0,1_1_0_0_0
1007,2009-09-18_16-28-36,1,1,0,0,0,1_1_0_0_0
1007,2009-09-25_10-10-46,1,1,0,0,0,1_1_0_0_0
1007,2009-09-28_13-24-48,1,1,0,0,0,1_1_0_0_0
1007,2009-10-02_16-07-57,1,1,1,0,0,1_1_1_0_0
1007,2009-10-05_07-32-33,1,1,1,0,0,1_1_1_0_0
1007,2009-10-06_17-08-32,1,1,1,0,0,1_1_1_0_0
1007,2009-10-08_07-02-38,1,1,0,0,0,1_1_0_0_0
1007,2009-10-15_17-44-04,1,1,1,0,0,1_1_1_0_0
1007,2009-10-16_17-47-38,1,1,1,0,0,1_1_1_0_0
1007,2009-10-19_08-33-51,1,1,0,0,0,1_1_0_0_0
1007,2009-10-22_15-30-01,1,1,0,0,0,1_1_0_0_0
1007,2009-10-23_10-11-37,1,1,1,0,0,1_1_1_0_0
1007,2009-08-27_07-02-38,1,1,1,0,0,1_1_1_0_0
1007,2009-09-14_16-58-11,1,1,1,0,0,1_1_1_0_0
1007,2009-08-26_14-57-02,1,1,1,0,0,1_1_1_0_0
1007,2009-09-30_14-54-51,1,1,1,0,0,1_1_1_0_0
1007,2009-08-21_17-36-03,1,1,0,0,0,1_1_0_0_0
1007,2008-03-28_15-28-02,1,1,1,0,0,1_1_1_0_0
1007,2008-03-28_15-28-34,1,1,1,0,0,1_1_1_0_0
1007,2008-04-21_11-28-50,1,1,1,0,0,1_1_1_0_0
1007,2008-05-28_10-11-10,1,1,1,0,0,1_1_1_0_0
1007,2009-02-26_10-47-19,1,1,1,0,0,1_1_1_0_0
1007,2009-06-25_13-56-34,1,1,1,0,0,1_1_1_0_0
1007,2009-07-14_14-35-14,1,1,1,0,0,1_1_1_0_0
1007,2009-07-20_14-17-31,1,1,0,0,0,1_1_0_0_0
1007,2009-08-24_15-44-30,1,1,0,0,0,1_1_0_0_0
1007,2009-07-22_15-06-41,1,1,0,0,0,1_1_0_0_0
1007,2009-07-28_13-55-55,1,1,0,0,0,1_1_0_0_0
1007,2009-07-31_10-31-03,1,1,0,0,1,1_1_0_0_1
1007,2009-07-17_10-13-25,1,1,1,0,0,1_1_1_0_0
1007,2009-08-13_09-08-33,1,1,1,0,0,1_1_1_0_0
1007,2009-07-31_11-24-16,1,1,0,0,0,1_1_0_0_0
1007,2009-08-20_07-43-54,1,1,1,0,0,1_1_1_0_0
1007,2009-08-19_14-14-32,1,1,1,0,0,1_1_1_0_0
1007,2009-08-18_16-19-44,1,1,1,0,0,1_1_1_0_0
1007,2009-08-17_13-40-48,1,1,1,0,0,1_1_1_0_0
1007,2009-08-17_09-35-28,1,1,1,0,0,1_1_1_0_0
1007,2009-08-20_17-11-11,1,1,1,0,0,1_1_1_0_0
1007,2009-08-13_11-56-03,1,1,1,0,0,1_1_1_0_0
1007,2009-08-13_11-29-47,1,1,1,0,0,1_1_1_0_0
1007,2009-08-13_11-28-37,1,1,1,0,0,1_1_1_0_0
1007,2009-08-13_11-26-19,1,1,1,0,0,1_1_1_0_0
1007,2009-08-13_11-58-42,1,1,1,0,1,1_1_1_0_1
1008,2009-07-20_13-58-12,1,0,0,0,1,1_0_0_0_1
1008,2009-07-24_11-17-46,1,0,0,0,1,1_0_0_0_1
1008,2009-08-18_12-35-35,1,0,0,0,0,1_0_0_0_0
1008,2009-08-24_08-24-10,1,0,0,0,0,1_0_0_0_0
1008,2009-09-01_12-39-24,1,0,0,0,0,1_0_0_0_0
1008,2009-09-01_12-40-13,1,0,0,0,0,1_0_0_0_0
1008,2009-09-17_16-43-43,1,0,0,0,0,1_0_0_0_0
1008,2009-09-14_10-58-44,1,0,0,0,0,1_0_0_0_0
1008,2009-09-25_08-27-19,1,0,0,0,0,1_0_0_0_0
1008,2009-10-05_10-30-30,1,0,0,0,1,1_0_0_0_1
1008,2009-10-09_08-27-55,1,0,0,0,0,1_0_0_0_0
1008,2009-09-03_16-24-10,1,0,0,0,0,1_0_0_0_0
1008,2009-07-13_12-32-38,1,0,0,0,0,1_0_0_0_0
1008,2008-04-18_13-43-00,1,0,0,0,0,1_0_0_0_0
1008,2009-07-02_09-52-00,1,0,0,0,0,1_0_0_0_0
1008,2009-07-09_17-13-23,1,0,0,0,0,1_0_0_0_0
1008,2008-02-22_13-53-10,1,0,0,0,0,1_0_0_0_0
1008,2008-04-14_08-30-11,1,0,0,0,0,1_0_0_0_0
1008,2008-04-15_11-17-30,1,0,0,0,0,1_0_0_0_0
1008,2008-04-16_16-46-12,1,0,0,0,0,1_0_0_0_0
1008,2008-02-18_13-42-16,1,0,0,0,0,1_0_0_0_0
1008,2008-05-22_17-14-26,1,0,0,0,1,1_0_0_0_1
1008,2008-05-29_08-15-48,1,0,0,0,0,1_0_0_0_0
1008,2008-06-18_16-48-33,1,0,0,0,1,1_0_0_0_1
1008,2008-06-25_16-04-51,1,0,0,0,0,1_0_0_0_0
1008,2009-06-26_15-45-00,1,0,0,0,0,1_0_0_0_0
1008,2008-05-12_07-25-55,1,0,0,0,0,1_0_0_0_0
1009,2009-07-10_13-20-55,1,0,0,0,1,1_0_0_0_1
1009,2009-07-13_12-39-01,1,1,0,0,0,1_1_0_0_0
1009,2009-07-15_12-50-56,1,1,0,0,1,1_1_0_0_1
1009,2009-08-19_14-05-50,1,1,0,0,0,1_1_0_0_0
1009,2009-08-20_15-37-17,1,1,0,0,1,1_1_0_0_1
1009,2009-09-30_08-30-21,1,1,0,0,0,1_1_0_0_0
1009,2009-09-11_10-59-32,1,1,0,0,0,1_1_0_0_0
1009,2009-09-23_08-34-34,1,1,0,0,0,1_1_0_0_0
1009,2009-10-08_14-46-23,1,1,0,0,0,1_1_0_0_0
1009,2009-10-23_09-07-09,1,1,0,0,0,1_1_0_0_0
1009,2009-09-10_10-32-51,1,1,0,0,0,1_1_0_0_0
1009,2009-07-09_09-26-58,1,1,0,0,0,1_1_0_0_0
1009,2009-07-08_14-19-18,1,1,0,0,0,1_1_0_0_0
1009,2008-02-18_08-50-39,1,1,0,0,0,1_1_0_0_0
1009,2008-02-18_11-10-59,1,1,0,0,0,1_1_0_0_0
1009,2008-02-19_08-54-56,1,1,0,0,0,1_1_0_0_0
1009,2008-02-21_10-13-44,1,1,0,0,0,1_1_0_0_0
1009,2008-02-29_13-49-12,1,1,0,0,0,1_1_0_0_0
1009,2008-03-12_12-02-37,1,1,0,0,0,1_1_0_0_0
1009,2008-02-29_08-39-56,1,1,0,0,0,1_1_0_0_0
1009,2008-03-17_14-15-57,1,1,0,0,0,1_1_0_0_0
1009,2008-04-22_09-06-04,1,1,0,0,0,1_1_0_0_0
1009,2009-06-26_14-20-48,1,1,0,0,0,1_1_0_0_0
1009,2009-06-30_14-55-41,1,1,0,0,0,1_1_0_0_0
1009,2008-03-13_14-44-23,1,1,0,0,0,1_1_0_0_0
1009,2009-07-07_14-29-51,1,1,0,0,0,1_1_0_0_0
1010,2009-08-20_19-39-40,1,0,0,0,0,1_0_0_0_0
1010,2009-10-24_14-55-27,1,0,0,0,0,1_0_0_0_0
1010,2009-09-29_18-53-13,1,0,0,0,0,1_0_0_0_0
1010,2009-09-16_18-28-07,1,0,0,0,1,1_0_0_0_1
1010,2009-09-11_17-30-34,1,0,0,0,0,1_0_0_0_0
1010,2009-08-04_19-05-32,1,0,0,0,0,1_0_0_0_0
1010,2009-07-23_18-22-42,1,0,0,0,0,1_0_0_0_0
1010,2009-07-08_21-52-45,1,0,0,0,1,1_0_0_0_1
1010,2009-07-08_20-24-55,1,0,0,0,0,1_0_0_0_0
1010,2009-07-23_18-56-20,1,0,0,0,0,1_0_0_0_0
1011,2009-08-13_18-39-22,1,0,0,0,1,1_0_0_0_1
1011,2009-07-16_08-24-10,1,0,0,0,1,1_0_0_0_1
1011,2008-02-19_08-22-13,1,0,0,1,0,1_0_0_1_0
1011,2009-07-03_09-04-09,1,0,0,0,0,1_0_0_0_0
1012,2008-06-12_13-26-44,1,0,0,0,0,1_0_0_0_0
1012,2008-06-12_07-49-50,1,0,0,0,0,1_0_0_0_0
1012,2008-06-07_08-27-45,1,0,0,0,0,1_0_0_0_0
1012,2009-10-14_20-57-47,1,0,0,0,0,1_0_0_0_0
1012,2008-06-06_11-49-50,1,0,0,0,0,1_0_0_0_0
1012,2008-06-03_07-00-06,1,0,0,0,0,1_0_0_0_0
1012,2008-06-02_16-00-56,1,0,0,0,0,1_0_0_0_0
1012,2008-05-30_17-14-53,1,0,0,0,1,1_0_0_0_1
1012,2008-05-29_21-16-41,1,0,0,0,0,1_0_0_0_0
1012,2008-05-14_20-48-04,1,0,0,0,0,1_0_0_0_0
1012,2008-05-22_13-59-58,1,0,0,0,0,1_0_0_0_0
1012,2008-05-22_12-07-22,1,0,0,0,0,1_0_0_0_0
1012,2008-05-19_07-02-58,1,0,0,0,0,1_0_0_0_0
1012,2008-05-16_19-36-47,1,0,0,0,0,1_0_0_0_0
1012,2008-05-16_16-52-30,1,0,0,0,0,1_0_0_0_0
1012,2008-05-15_18-00-29,1,0,0,0,0,1_0_0_0_0
1012,2008-05-15_16-47-47,1,0,0,0,0,1_0_0_0_0
1012,2008-06-18_12-34-12,1,0,0,0,0,1_0_0_0_0
1012,2008-05-28_18-17-12,1,0,0,0,1,1_0_0_0_1
1012,2008-06-20_07-19-55,1,0,0,0,0,1_0_0_0_0
1012,2009-08-13_07-02-34,1,0,0,0,0,1_0_0_0_0
1012,2008-06-27_17-43-58,1,0,0,0,0,1_0_0_0_0
1012,2009-10-01_20-18-46,1,0,0,0,0,1_0_0_0_0
1012,2009-09-23_14-59-00,1,0,0,0,0,1_0_0_0_0
1012,2009-09-10_19-07-09,1,0,0,0,0,1_0_0_0_0
1012,2009-09-09_13-16-13,1,0,0,0,0,1_0_0_0_0
1012,2009-08-20_21-12-58,1,0,0,0,0,1_0_0_0_0
1012,2009-08-20_21-12-35,1,0,0,0,0,1_0_0_0_0
1012,2009-08-06_16-01-34,1,0,0,0,0,1_0_0_0_0
1012,2009-07-23_18-59-12,1,0,0,0,0,1_0_0_0_0
1012,2009-07-23_18-48-50,1,0,0,0,1,1_0_0_0_1
1012,2009-07-22_14-43-01,1,0,0,0,0,1_0_0_0_0
1012,2009-07-14_07-04-13,1,0,0,0,0,1_0_0_0_0
1012,2009-07-13_18-55-42,1,0,0,0,0,1_0_0_0_0
1012,2009-07-08_21-52-08,1,0,0,0,1,1_0_0_0_1
1012,2009-06-30_07-31-26,1,0,0,0,0,1_0_0_0_0
1012,2009-06-26_18-20-06,1,0,0,0,0,1_0_0_0_0
1012,2009-06-25_16-36-34,1,0,0,0,0,1_0_0_0_0
1012,2008-06-29_12-03-09,1,0,0,0,0,1_0_0_0_0
1012,2008-06-25_17-46-20,1,0,0,0,0,1_0_0_0_0
1012,2008-05-14_17-07-25,1,0,0,0,0,1_0_0_0_0
1012,2008-03-27_10-23-04,1,0,0,0,0,1_0_0_0_0
1012,2008-05-14_15-18-40,1,0,0,0,0,1_0_0_0_0
1012,2008-03-04_10-30-22,1,0,0,0,0,1_0_0_0_0
1012,2008-03-03_17-53-09,1,0,0,0,0,1_0_0_0_0
1012,2008-03-03_07-51-58,1,0,0,0,0,1_0_0_0_0
1012,2008-02-29_17-41-40,1,0,0,0,0,1_0_0_0_0
1012,2008-02-29_06-27-29,1,0,0,0,0,1_0_0_0_0
1012,2008-02-22_17-03-10,1,0,0,0,0,1_0_0_0_0
1012,2008-02-22_17-02-58,1,0,0,0,0,1_0_0_0_0
1012,2008-02-22_17-02-47,1,0,0,0,0,1_0_0_0_0
1012,2008-02-22_17-02-36,1,0,0,0,0,1_0_0_0_0
1012,2008-02-22_07-40-19,1,0,0,0,0,1_0_0_0_0
1012,2008-02-22_07-40-08,1,0,0,0,0,1_0_0_0_0
1012,2008-02-22_07-39-59,1,0,0,0,0,1_0_0_0_0
1012,2008-02-19_17-24-46,1,0,0,0,0,1_0_0_0_0
1012,2008-02-19_17-24-07,1,0,0,0,0,1_0_0_0_0
1012,2008-02-18_06-46-13,1,0,0,0,0,1_0_0_0_0
1012,2008-02-18_06-26-17,1,0,0,0,1,1_0_0_0_1
1012,2008-05-14_16-44-37,1,0,0,0,0,1_0_0_0_0
1012,2008-03-06_16-13-55,1,0,0,0,0,1_0_0_0_0
1012,2008-03-08_11-10-42,1,0,0,0,0,1_0_0_0_0
1012,2008-02-19_17-25-08,1,0,0,0,0,1_0_0_0_0
1012,2008-03-08_15-43-24,1,0,0,0,0,1_0_0_0_0
1012,2008-05-13_15-19-52,1,0,0,0,0,1_0_0_0_0
1012,2008-03-08_15-43-08,1,0,0,0,0,1_0_0_0_0
1012,2008-05-12_19-19-17,1,0,0,0,0,1_0_0_0_0
1012,2008-05-12_15-35-46,1,0,0,0,0,1_0_0_0_0
1012,2008-05-11_08-19-02,1,0,0,0,0,1_0_0_0_0
1012,2008-05-10_09-38-18,1,0,0,0,0,1_0_0_0_0
1012,2008-05-09_14-32-18,1,0,0,0,1,1_0_0_0_1
1012,2008-04-23_16-46-28,1,0,0,0,0,1_0_0_0_0
1012,2008-04-23_16-46-14,1,0,0,0,0,1_0_0_0_0
1012,2008-05-11_15-40-22,1,0,0,0,0,1_0_0_0_0
1012,2008-04-10_11-34-07,1,0,0,0,0,1_0_0_0_0
1012,2008-04-04_20-13-37,1,0,0,0,0,1_0_0_0_0
1012,2008-04-04_20-13-26,1,0,0,0,0,1_0_0_0_0
1012,2008-04-04_20-13-14,1,0,0,0,0,1_0_0_0_0
1012,2008-03-08_15-43-40,1,0,0,0,0,1_0_0_0_0
1012,2008-03-17_14-14-41,1,0,0,0,1,1_0_0_0_1
1012,2008-03-09_14-26-14,1,0,0,0,0,1_0_0_0_0
1012,2008-04-23_16-45-59,1,0,0,0,0,1_0_0_0_0
1012,2008-03-09_08-18-42,1,0,0,0,0,1_0_0_0_0
1013,2008-06-17_09-09-14,1,0,1,0,0,1_0_1_0_0
1013,2008-06-18_10-45-04,1,0,1,0,0,1_0_1_0_0
1013,2008-06-18_13-23-12,1,0,1,0,1,1_0_1_0_1
1013,2008-06-19_08-15-24,1,1,1,0,0,1_1_1_0_0
1013,2008-06-20_08-25-49,1,1,1,0,0,1_1_1_0_0
1013,2008-06-26_10-13-23,1,1,1,0,0,1_1_1_0_0
1013,2008-06-24_12-32-22,1,0,1,0,0,1_0_1_0_0
1013,2009-06-29_09-06-44,1,0,1,0,0,1_0_1_0_0
1013,2009-06-29_10-15-09,1,1,1,0,1,1_1_1_0_1
1013,2009-06-29_13-45-42,1,1,1,0,1,1_1_1_0_1
1013,2008-06-16_14-47-54,1,0,1,0,0,1_0_1_0_0
1013,2009-06-29_16-22-50,1,0,1,0,1,1_0_1_0_1
1013,2008-06-23_08-17-21,1,1,1,0,0,1_1_1_0_0
1013,2008-06-13_14-58-44,1,0,1,0,0,1_0_1_0_0
1013,2008-06-04_07-51-58,1,1,1,0,0,1_1_1_0_0
1013,2008-06-10_16-19-40,1,0,1,0,0,1_0_1_0_0
1013,2008-06-09_14-53-39,1,1,1,0,0,1_1_1_0_0
1013,2008-06-09_09-55-04,1,1,1,0,0,1_1_1_0_0
1013,2008-06-06_13-22-02,1,1,1,0,0,1_1_1_0_0
1013,2008-06-05_16-33-22,1,1,1,0,1,1_1_1_0_1
1013,2008-06-05_08-02-09,1,1,1,0,0,1_1_1_0_0
1013,2008-06-04_16-37-07,1,1,1,0,0,1_1_1_0_0
1013,2008-06-03_16-45-52,1,0,1,0,0,1_0_1_0_0
1013,2008-06-03_11-23-20,1,0,1,0,0,1_0_1_0_0
1013,2008-06-03_08-33-09,1,1,1,0,0,1_1_1_0_0
1013,2008-06-02_14-56-34,1,1,1,0,0,1_1_1_0_0
1013,2008-06-02_11-06-49,1,1,1,0,0,1_1_1_0_0
1013,2009-07-01_09-23-18,1,1,1,0,0,1_1_1_0_0
1013,2008-06-11_09-12-11,1,0,1,0,0,1_0_1_0_0
1013,2009-07-01_15-15-10,1,0,1,0,0,1_0_1_0_0
1013,2009-08-19_15-43-12,1,0,1,0,1,1_0_1_0_1
1013,2009-07-07_12-27-27,1,1,1,0,0,1_1_1_0_0
1013,2008-05-29_10-07-55,1,1,1,0,0,1_1_1_0_0
1013,2009-10-22_10-35-12,1,1,1,0,0,1_1_1_0_0
1013,2009-10-15_07-02-32,1,1,1,0,0,1_1_1_0_0
1013,2009-10-12_11-24-25,1,0,1,0,0,1_0_1_0_0
1013,2009-09-28_10-25-38,1,1,1,0,0,1_1_1_0_0
1013,2009-09-24_12-57-07,1,0,1,0,0,1_0_1_0_0
1013,2009-09-03_10-18-53,1,1,1,0,1,1_1_1_0_1
1013,2009-09-02_08-45-04,1,1,1,0,0,1_1_1_0_0
1013,2009-08-28_13-22-16,1,0,1,0,0,1_0_1_0_0
1013,2009-08-24_07-02-36,1,0,1,0,0,1_0_1_0_0
1013,2009-08-20_10-48-05,1,0,1,0,0,1_0_1_0_0
1013,2009-08-17_12-15-34,1,0,1,0,0,1_0_1_0_0
1013,2009-08-14_13-02-41,1,1,1,0,1,1_1_1_0_1
1013,2009-08-12_09-50-37,1,1,1,0,0,1_1_1_0_0
1013,2009-08-04_15-37-43,1,0,1,0,0,1_0_1_0_0
1013,2009-08-03_10-54-34,1,1,1,0,0,1_1_1_0_0
1013,2009-07-31_14-21-13,1,0,1,0,0,1_0_1_0_0
1013,2009-07-30_09-52-04,1,0,1,0,0,1_0_1_0_0
1013,2009-07-28_15-31-10,1,1,1,0,0,1_1_1_0_0
1013,2009-07-22_14-57-41,1,1,1,0,0,1_1_1_0_0
1013,2009-07-21_14-54-55,1,1,1,0,0,1_1_1_0_0
1013,2009-07-20_12-21-00,1,0,1,0,1,1_0_1_0_1
1013,2009-07-17_12-27-06,1,1,1,0,0,1_1_1_0_0
1013,2009-07-14_18-42-33,1,0,1,0,0,1_0_1_0_0
1013,2009-07-14_10-46-13,1,0,1,0,0,1_0_1_0_0
1013,2009-07-12_16-05-26,1,1,1,0,1,1_1_1_0_1
1013,2009-07-10_09-50-14,1,1,1,0,1,1_1_1_0_1
1013,2009-07-09_10-22-07,1,1,1,0,0,1_1_1_0_0
1013,2009-07-08_16-01-28,1,1,1,0,1,1_1_1_0_1
1013,2009-07-03_08-12-22,1,0,1,0,0,1_0_1_0_0
1013,2008-05-29_09-06-51,1,1,1,0,0,1_1_1_0_0
1013,2008-06-10_12-40-26,1,0,1,0,0,1_0_1_0_0
1013,2008-05-29_08-07-48,1,1,1,0,0,1_1_1_0_0
1013,2008-04-11_08-25-15,1,0,1,0,0,1_0_1_0_0
1013,2008-04-10_10-25-59,1,0,1,0,1,1_0_1_0_1
1013,2008-04-09_14-24-09,1,0,1,0,1,1_0_1_0_1
1013,2008-04-07_16-56-46,1,0,1,0,1,1_0_1_0_1
1013,2008-04-07_13-25-53,1,0,1,0,0,1_0_1_0_0
1013,2008-04-03_14-11-20,1,0,1,0,0,1_0_1_0_0
1013,2008-04-03_13-50-05,1,1,1,0,1,1_1_1_0_1
1013,2008-03-31_13-26-57,1,0,1,0,0,1_0_1_0_0
1013,2008-03-28_10-43-50,1,1,1,0,0,1_1_1_0_0
1013,2008-03-27_15-22-28,1,1,1,0,0,1_1_1_0_0
1013,2008-03-26_16-27-49,1,0,1,0,0,1_0_1_0_0
1013,2008-03-18_12-57-43,1,0,1,0,0,1_0_1_0_0
1013,2008-03-18_09-59-14,1,1,1,0,0,1_1_1_0_0
1013,2008-03-17_16-45-18,1,0,1,0,0,1_0_1_0_0
1013,2008-03-14_08-18-07,1,0,1,0,0,1_0_1_0_0
1013,2008-03-13_13-08-46,1,0,1,0,0,1_0_1_0_0
1013,2008-03-13_09-04-05,1,1,1,0,1,1_1_1_0_1
1013,2008-03-12_14-09-02,1,0,1,0,0,1_0_1_0_0
1013,2008-03-12_09-11-56,1,0,1,0,0,1_0_1_0_0
1013,2008-03-11_09-32-17,1,0,1,0,0,1_0_1_0_0
1013,2008-03-11_07-57-36,1,1,1,0,0,1_1_1_0_0
1013,2008-03-10_11-24-06,1,0,1,0,0,1_0_1_0_0
1013,2008-03-10_08-46-05,1,1,1,0,0,1_1_1_0_0
1013,2008-03-03_15-30-23,1,1,1,0,0,1_1_1_0_0
1013,2008-03-03_09-29-39,1,1,1,0,0,1_1_1_0_0
1013,2008-02-29_10-46-05,1,1,1,0,0,1_1_1_0_0
1013,2008-02-29_09-11-20,1,1,1,0,0,1_1_1_0_0
1013,2008-02-25_16-51-41,1,0,1,0,0,1_0_1_0_0
1013,2008-02-25_14-50-46,1,1,1,0,0,1_1_1_0_0
1013,2008-04-11_10-43-19,1,1,1,0,1,1_1_1_0_1
1013,2008-04-17_13-33-54,1,0,1,0,1,1_0_1_0_1
1013,2008-05-29_08-38-30,1,0,1,0,1,1_0_1_0_1
1013,2008-04-21_07-53-01,1,0,1,0,0,1_0_1_0_0
1013,2008-05-28_12-07-58,1,1,1,0,0,1_1_1_0_0
1013,2008-05-28_11-41-51,1,1,1,0,0,1_1_1_0_0
1013,2008-05-27_12-25-33,1,0,1,0,0,1_0_1_0_0
1013,2008-05-23_14-42-17,1,0,1,0,0,1_0_1_0_0
1013,2008-05-21_16-40-48,1,0,1,0,0,1_0_1_0_0
1013,2008-05-21_07-47-55,1,0,1,0,0,1_0_1_0_0
1013,2008-05-20_15-29-42,1,1,1,0,0,1_1_1_0_0
1013,2008-05-20_13-26-15,1,0,1,0,0,1_0_1_0_0
1013,2008-05-20_09-58-03,1,0,1,0,0,1_0_1_0_0
1013,2008-05-19_11-26-44,1,1,1,0,0,1_1_1_0_0
1013,2008-05-19_08-28-00,1,1,1,0,0,1_1_1_0_0
1013,2008-04-17_13-35-23,1,0,1,0,1,1_0_1_0_1
1013,2008-05-19_07-55-20,1,0,1,0,0,1_0_1_0_0
1013,2008-05-16_13-38-58,1,0,1,0,1,1_0_1_0_1
1013,2008-05-28_08-27-27,1,1,1,0,0,1_1_1_0_0
1013,2008-05-15_15-27-45,1,0,1,0,0,1_0_1_0_0
1013,2008-05-15_16-44-20,1,0,1,0,0,1_0_1_0_0
1013,2008-04-24_16-47-00,1,0,1,0,0,1_0_1_0_0
1013,2008-05-01_08-25-06,1,0,1,0,1,1_0_1_0_1
1013,2008-05-09_11-54-59,1,0,1,0,0,1_0_1_0_0
1013,2008-05-09_13-48-21,1,0,1,0,0,1_0_1_0_0
1013,2008-05-09_14-55-44,1,0,1,0,0,1_0_1_0_0
1013,2008-04-30_10-59-03,1,0,1,0,1,1_0_1_0_1
1013,2008-05-14_09-51-58,1,1,1,0,0,1_1_1_0_0
1013,2008-05-14_11-22-54,1,1,1,0,1,1_1_1_0_1
1013,2008-05-14_12-29-08,1,0,1,0,0,1_0_1_0_0
1013,2008-05-14_16-45-06,1,0,1,0,1,1_0_1_0_1
1013,2008-05-12_15-03-32,1,1,1,0,0,1_1_1_0_0
1013,2008-05-15_11-11-32,1,0,1,0,0,1_0_1_0_0
1014,2008-05-09_16-16-55,1,1,0,0,0,1_1_0_0_0
1014,2008-05-09_16-16-41,1,1,0,0,0,1_1_0_0_0
1014,2008-04-22_16-26-56,1,1,0,0,1,1_1_0_0_1
1014,2008-04-22_16-26-33,1,1,0,0,1,1_1_0_0_1
1014,2008-04-15_17-13-27,1,1,0,0,0,1_1_0_0_0
1014,2008-04-16_17-53-09,1,1,0,0,0,1_1_0_0_0
1014,2008-04-11_16-17-40,1,1,0,0,0,1_1_0_0_0
1014,2008-04-11_14-38-10,1,1,0,0,0,1_1_0_0_0
1014,2008-05-09_16-17-10,1,1,0,0,0,1_1_0_0_0
1014,2008-04-11_14-37-01,1,1,0,0,0,1_1_0_0_0
1014,2008-04-22_16-26-19,1,1,0,0,1,1_1_0_0_1
1014,2008-05-09_16-48-08,1,1,0,0,0,1_1_0_0_0
1014,2009-06-26_15-11-07,1,1,0,0,0,1_1_0_0_0
1014,2008-05-28_15-37-14,1,1,0,0,0,1_1_0_0_0
1014,2008-06-05_16-51-50,1,1,0,0,1,1_1_0_0_1
1014,2008-06-16_11-57-06,1,1,0,0,1,1_1_0_0_1
1014,2008-06-16_11-57-15,1,1,0,0,0,1_1_0_0_0
1014,2008-06-17_17-14-24,1,1,0,0,0,1_1_0_0_0
1014,2009-06-26_15-21-12,1,1,0,0,1,1_1_0_0_1
1014,2009-06-30_08-34-24,1,1,0,0,0,1_1_0_0_0
1014,2009-07-02_16-36-59,1,1,0,0,0,1_1_0_0_0
1014,2009-07-09_16-41-58,1,1,0,0,0,1_1_0_0_0
1014,2009-07-21_17-02-01,1,1,0,0,1,1_1_0_0_1
1014,2008-04-11_14-36-40,1,1,0,1,0,1_1_0_1_0
1014,2008-05-12_13-54-47,1,1,0,0,0,1_1_0_0_0
1014,2008-04-11_14-36-10,1,1,0,1,0,1_1_0_1_0
1014,2008-02-29_16-48-59,1,1,0,0,0,1_1_0_0_0
1014,2008-03-14_17-11-04,1,1,0,0,1,1_1_0_0_1
1014,2008-02-18_08-51-14,1,1,0,0,1,1_1_0_0_1
1014,2008-02-19_09-05-27,1,1,0,0,0,1_1_0_0_0
1014,2008-02-19_09-05-37,1,1,0,0,0,1_1_0_0_0
1014,2008-02-19_09-05-54,1,1,0,0,0,1_1_0_0_0
1014,2008-02-19_16-45-02,1,1,0,0,0,1_1_0_0_0
1014,2008-02-19_16-50-30,1,1,0,0,1,1_1_0_0_1
1014,2008-02-20_17-14-18,1,1,0,0,0,1_1_0_0_0
1014,2008-02-21_16-56-08,1,1,0,0,0,1_1_0_0_0
1014,2008-02-22_17-33-58,1,1,0,0,0,1_1_0_0_0
1014,2008-02-25_12-36-10,1,1,0,0,0,1_1_0_0_0
1014,2008-02-25_16-57-21,1,1,0,0,1,1_1_0_0_1
1014,2008-02-28_16-08-11,1,1,0,0,1,1_1_0_0_1
1014,2009-07-29_16-04-58,1,1,0,0,1,1_1_0_0_1
1014,2008-03-03_11-20-42,1,1,0,0,1,1_1_0_0_1
1014,2008-03-03_11-21-07,1,1,0,0,1,1_1_0_0_1
1014,2008-03-03_11-21-35,1,1,0,1,0,1_1_0_1_0
1014,2008-03-03_11-21-51,1,1,0,0,1,1_1_0_0_1
1014,2008-03-03_16-38-12,1,1,0,0,0,1_1_0_0_0
1014,2008-03-03_16-38-44,1,1,0,0,0,1_1_0_0_0
1014,2008-03-03_16-39-10,1,1,0,0,0,1_1_0_0_0
1014,2008-03-03_17-20-56,1,1,0,0,0,1_1_0_0_0
1014,2008-03-04_17-15-05,1,1,0,0,0,1_1_0_0_0
1014,2008-03-05_12-50-38,1,1,0,0,0,1_1_0_0_0
1014,2008-03-11_16-32-37,1,1,0,0,0,1_1_0_0_0
1014,2008-03-13_17-00-37,1,1,0,0,0,1_1_0_0_0
1014,2008-04-11_14-35-41,1,1,0,0,1,1_1_0_0_1
1015,2009-10-07_11-59-25,1,0,0,0,0,1_0_0_0_0
1015,2009-10-07_11-46-16,1,0,0,0,0,1_0_0_0_0
1016,2009-08-14_08-26-23,1,0,0,0,1,1_0_0_0_1
1016,2009-08-25_11-14-13,1,0,0,0,0,1_0_0_0_0
1016,2009-08-27_14-52-06,1,0,0,0,0,1_0_0_0_0
1016,2009-08-28_07-26-08,1,0,0,0,0,1_0_0_0_0
1016,2009-08-28_11-27-44,1,0,0,0,0,1_0_0_0_0
1016,2009-08-28_11-50-03,1,0,0,0,0,1_0_0_0_0
1016,2009-09-04_12-36-15,1,0,0,0,0,1_0_0_0_0
1016,2009-10-15_10-37-58,1,0,0,0,1,1_0_0_0_1
1016,2009-10-21_12-37-54,1,0,0,0,1,1_0_0_0_1
1016,2009-10-21_13-40-56,1,0,0,0,0,1_0_0_0_0
1017,2009-06-29_15-43-05,1,0,0,0,0,1_0_0_0_0
1017,2009-07-29_15-33-04,1,0,0,0,1,1_0_0_0_1
1017,2008-03-12_16-01-23,1,0,0,1,0,1_0_0_1_0
1022,2008-04-23_10-20-28,1,0,0,0,0,1_0_0_0_0
1022,2009-06-29_11-53-08,1,0,0,0,0,1_0_0_0_0
1022,2008-06-20_12-16-43,1,0,0,0,0,1_0_0_0_0
1022,2008-05-23_10-10-35,1,0,0,0,0,1_0_0_0_0
1022,2008-05-22_10-23-44,1,0,0,0,0,1_0_0_0_0
1022,2008-04-25_12-29-15,1,0,0,0,1,1_0_0_0_1
1022,2008-04-25_09-41-49,1,0,0,0,0,1_0_0_0_0
1022,2008-04-24_15-02-16,1,0,0,0,0,1_0_0_0_0
1022,2008-04-24_14-06-36,1,0,0,0,1,1_0_0_0_1
1022,2008-04-24_10-12-45,1,0,0,0,0,1_0_0_0_0
1022,2008-04-23_15-05-30,1,0,0,0,0,1_0_0_0_0
1022,2008-04-23_12-08-34,1,0,0,0,0,1_0_0_0_0
1022,2008-04-22_16-13-31,1,0,0,0,0,1_0_0_0_0
1022,2008-02-29_12-27-23,1,0,0,0,0,1_0_0_0_0
1022,2008-04-21_16-03-14,1,0,0,0,1,1_0_0_0_1
1022,2008-02-29_08-33-29,1,0,0,1,0,1_0_0_1_0
1022,2008-02-29_08-33-54,1,0,0,0,0,1_0_0_0_0
1022,2008-04-22_10-46-57,1,0,0,0,0,1_0_0_0_0
1022,2008-02-29_12-27-38,1,0,0,0,0,1_0_0_0_0
1022,2008-04-07_10-14-43,1,0,0,0,1,1_0_0_0_1
1022,2008-04-07_10-14-26,1,0,0,0,0,1_0_0_0_0
1022,2008-04-07_14-06-00,1,0,0,0,1,1_0_0_0_1
1022,2008-04-14_13-41-19,1,0,0,0,1,1_0_0_0_1
1022,2008-04-14_13-44-40,1,0,0,0,0,1_0_0_0_0
1022,2008-04-21_12-51-08,1,0,0,0,0,1_0_0_0_0
1022,2008-04-21_15-47-07,1,0,0,0,1,1_0_0_0_1
1022,2008-04-07_10-15-56,1,0,0,0,1,1_0_0_0_1
1024,2009-08-20_16-16-29,1,1,1,0,0,1_1_1_0_0
1024,2009-10-06_10-09-47,1,1,1,0,0,1_1_1_0_0
1024,2009-09-16_09-27-44,1,1,1,0,1,1_1_1_0_1
1024,2009-09-11_14-54-11,1,1,1,0,0,1_1_1_0_0
1024,2009-07-30_08-17-52,1,1,1,0,0,1_1_1_0_0
1024,2009-10-08_14-58-51,1,1,1,0,1,1_1_1_0_1
1024,2008-04-28_18-50-17,1,1,1,0,0,1_1_1_0_0
1024,2008-03-19_18-30-44,1,1,1,0,0,1_1_1_0_0
1024,2008-03-05_17-29-19,1,1,1,0,0,1_1_1_0_0
1024,2008-03-04_17-02-18,1,1,1,0,0,1_1_1_0_0
1024,2008-02-21_08-11-44,1,1,1,0,0,1_1_1_0_0
1024,2008-06-06_17-04-45,1,1,1,0,1,1_1_1_0_1
1025,2008-05-21_15-49-27,1,0,1,0,1,1_0_1_0_1
1025,2008-05-20_19-55-28,1,0,1,1,0,1_0_1_1_0
1025,2008-05-19_20-51-01,1,0,1,0,0,1_0_1_0_0
1025,2008-05-14_09-26-43,1,1,1,0,0,1_1_1_0_0
1025,2009-08-26_19-08-01,1,0,1,0,1,1_0_1_0_1
1025,2008-04-23_07-57-53,1,0,1,0,0,1_0_1_0_0
1025,2008-04-08_20-56-23,1,0,1,0,1,1_0_1_0_1
1025,2008-04-08_20-56-04,1,0,1,0,0,1_0_1_0_0
1025,2008-03-25_20-13-05,1,0,1,0,0,1_0_1_0_0
1025,2008-05-09_19-03-37,1,0,1,0,1,1_0_1_0_1
1025,2008-05-22_14-00-26,1,0,1,0,0,1_0_1_0_0
1025,2008-05-25_14-45-02,1,0,0,0,1,1_0_0_0_1
1025,2008-05-25_14-44-52,1,0,1,0,0,1_0_1_0_0
1025,2008-05-27_20-59-55,1,0,1,0,0,1_0_1_0_0
1025,2008-05-29_12-49-01,1,0,1,0,0,1_0_1_0_0
1025,2008-06-09_13-42-01,1,0,1,0,0,1_0_1_0_0
1025,2008-06-14_09-33-00,1,0,1,0,0,1_0_1_0_0
1025,2008-06-15_09-19-29,1,0,1,0,1,1_0_1_0_1
1025,2009-06-29_18-42-23,1,0,1,0,0,1_0_1_0_0
1025,2009-07-09_07-17-01,1,0,1,0,0,1_0_1_0_0
1025,2009-07-15_14-53-12,1,0,1,0,0,1_0_1_0_0
1025,2009-07-18_09-25-49,1,0,1,0,0,1_0_1_0_0
1025,2008-03-16_11-15-19,1,0,1,0,0,1_0_1_0_0
1025,2008-05-23_19-13-03,1,0,1,0,0,1_0_1_0_0
1025,2008-03-16_09-13-06,1,0,1,0,0,1_0_1_0_0
1025,2008-03-07_20-50-03,1,0,1,0,0,1_0_1_0_0
1025,2008-03-14_18-45-13,1,0,1,0,0,1_0_1_0_0
1025,2008-02-15_17-23-58,1,0,1,0,0,1_0_1_0_0
1025,2008-02-15_18-37-13,1,0,1,0,0,1_0_1_0_0
1025,2008-02-15_20-40-13,1,0,1,0,0,1_0_1_0_0
1025,2008-03-14_18-46-59,1,0,1,0,0,1_0_1_0_0
1025,2008-02-16_08-29-40,1,0,1,0,1,1_0_1_0_1
1025,2008-02-16_14-12-52,1,0,1,0,1,1_0_1_0_1
1025,2008-02-17_14-37-02,1,0,1,0,0,1_0_1_0_0
1025,2008-02-25_17-08-28,1,0,1,0,0,1_0_1_0_0
1025,2008-02-28_17-09-26,1,0,0,0,0,1_0_0_0_0
1025,2008-02-28_20-16-28,1,0,1,0,0,1_0_1_0_0
1025,2008-02-16_08-29-27,1,0,1,1,0,1_0_1_1_0
1025,2008-02-29_18-03-36,1,0,1,0,0,1_0_1_0_0
1025,2008-02-28_20-16-53,1,0,1,0,1,1_0_1_0_1
1025,2008-03-11_21-01-00,1,0,1,0,0,1_0_1_0_0
1025,2008-03-10_20-46-23,1,0,1,0,0,1_0_1_0_0
1025,2008-03-07_20-50-29,1,0,1,1,1,1_0_1_1_1
1025,2008-03-06_19-40-01,1,0,1,0,0,1_0_1_0_0
1025,2008-02-17_12-16-40,1,0,1,1,1,1_0_1_1_1
1025,2008-03-05_20-55-52,1,0,1,0,1,1_0_1_0_1
1025,2008-03-02_09-25-50,1,0,1,0,1,1_0_1_0_1
1025,2008-02-29_20-50-50,1,0,1,0,1,1_0_1_0_1
1025,2008-02-29_18-03-54,1,0,1,0,0,1_0_1_0_0
1025,2008-03-05_21-31-31,1,0,1,1,0,1_0_1_1_0
1028,2009-07-18_14-36-39,1,0,0,0,0,1_0_0_0_0
1028,2009-07-08_16-28-24,1,0,0,0,0,1_0_0_0_0
1028,2009-07-03_14-27-19,1,0,0,0,0,1_0_0_0_0
1028,2008-06-04_07-57-15,1,0,0,0,0,1_0_0_0_0
1028,2008-06-03_08-11-18,1,0,0,0,0,1_0_0_0_0
1028,2008-05-13_16-57-57,1,0,0,0,0,1_0_0_0_0
1028,2008-02-19_12-00-35,1,0,0,0,1,1_0_0_0_1
1028,2008-06-02_08-01-02,1,0,0,0,0,1_0_0_0_0
1028,2008-02-22_15-44-02,1,0,0,0,1,1_0_0_0_1
1033,2009-07-17_12-19-16,1,0,0,0,0,1_0_0_0_0
1033,2008-03-20_15-11-36,1,0,0,0,0,1_0_0_0_0
1033,2008-04-09_17-48-48,1,1,0,0,0,1_1_0_0_0
1033,2008-06-19_11-32-22,1,1,0,0,0,1_1_0_0_0
1033,2009-07-14_18-15-16,1,0,0,0,0,1_0_0_0_0
1035,2009-09-24_11-25-01,1,0,1,0,0,1_0_1_0_0
1035,2009-08-24_11-14-40,1,0,1,0,0,1_0_1_0_0
1035,2008-03-11_13-43-38,1,0,1,0,0,1_0_1_0_0
1036,2009-07-03_11-06-49,1,0,1,0,1,1_0_1_0_1
1036,2009-07-14_17-47-12,1,1,1,0,1,1_1_1_0_1
1036,2009-07-17_15-50-07,1,1,1,0,0,1_1_1_0_0
1037,2008-04-22_12-39-48,1,0,0,0,0,1_0_0_0_0
1037,2008-02-22_12-36-03,1,0,0,0,0,1_0_0_0_0
1037,2008-02-26_10-46-47,1,0,0,0,0,1_0_0_0_0
1037,2008-03-05_16-35-18,1,0,0,0,1,1_0_0_0_1
1037,2008-03-18_10-50-58,1,0,0,0,0,1_0_0_0_0
1037,2008-04-07_15-21-11,1,0,0,0,0,1_0_0_0_0
1037,2009-06-25_13-46-31,1,0,0,0,0,1_0_0_0_0
1037,2009-07-01_15-14-16,1,0,0,0,0,1_0_0_0_0
1037,2009-07-01_15-14-46,1,0,0,0,1,1_0_0_0_1
1038,2009-07-10_12-19-31,1,1,0,0,0,1_1_0_0_0
1038,2009-07-21_12-21-23,1,1,0,0,0,1_1_0_0_0
1038,2009-09-17_13-11-57,1,0,0,0,0,1_0_0_0_0
1038,2008-05-11_10-51-02,1,1,1,1,0,1_1_1_1_0
1038,2009-10-06_08-24-30,1,1,0,1,0,1_1_0_1_0
1038,2008-03-05_16-15-24,1,1,0,0,1,1_1_0_0_1
1038,2008-02-24_09-22-37,1,1,0,0,0,1_1_0_0_0
1038,2008-02-29_08-54-47,1,1,0,0,0,1_1_0_0_0
1038,2008-02-26_12-57-46,1,1,0,0,1,1_1_0_0_1
1038,2008-02-24_09-22-50,1,1,0,0,0,1_1_0_0_0
1038,2008-02-23_13-39-59,1,1,0,0,0,1_1_0_0_0
1038,2008-02-23_11-34-55,1,1,0,0,0,1_1_0_0_0
1038,2008-02-29_15-27-50,1,1,0,0,1,1_1_0_0_1
1041,2009-06-26_07-16-32,1,0,0,0,0,1_0_0_0_0
1041,2009-10-05_21-25-27,1,0,1,0,0,1_0_1_0_0
1041,2009-09-03_19-42-25,1,0,0,0,0,1_0_0_0_0
1041,2009-08-06_07-02-40,1,0,0,0,0,1_0_0_0_0
1041,2009-06-26_07-16-01,1,0,0,0,0,1_0_0_0_0
1041,2008-06-03_07-15-15,1,0,0,0,0,1_0_0_0_0
1041,2008-06-03_07-14-48,1,0,0,0,0,1_0_0_0_0
1041,2008-05-20_07-18-45,1,0,0,0,0,1_0_0_0_0
1041,2008-04-14_07-23-26,1,0,0,0,0,1_0_0_0_0
1041,2008-04-08_07-24-14,1,0,0,0,0,1_0_0_0_0
1041,2008-04-01_07-15-18,1,0,0,0,0,1_0_0_0_0
1042,2008-05-29_09-52-06,1,1,0,0,0,1_1_0_0_0
1042,2008-05-28_18-40-44,1,1,0,0,0,1_1_0_0_0
1042,2008-05-27_12-18-05,1,1,0,0,0,1_1_0_0_0
1042,2008-05-27_12-18-00,1,1,0,0,0,1_1_0_0_0
1042,2008-05-19_10-47-32,1,1,0,0,0,1_1_0_0_0
1042,2008-05-19_10-47-08,1,1,0,0,0,1_1_0_0_0
1042,2008-04-15_17-14-45,1,1,0,0,0,1_1_0_0_0
1042,2008-05-19_10-47-01,1,1,0,0,0,1_1_0_0_0
1042,2008-04-16_09-13-43,1,1,0,0,0,1_1_0_0_0
1042,2008-06-03_08-57-52,1,1,0,1,0,1_1_0_1_0
1042,2008-05-19_10-47-27,1,1,0,0,0,1_1_0_0_0
1042,2008-06-03_08-58-08,1,1,0,0,0,1_1_0_0_0
1042,2008-03-03_13-15-44,1,1,0,0,0,1_1_0_0_0
1042,2008-06-04_09-20-27,1,1,0,0,0,1_1_0_0_0
1042,2008-06-12_17-21-01,1,1,0,0,0,1_1_0_0_0
1042,2008-06-13_12-36-22,1,1,0,0,0,1_1_0_0_0
1042,2008-06-18_08-51-55,1,1,0,0,1,1_1_0_0_1
1042,2008-06-26_08-27-26,1,1,0,0,0,1_1_0_0_0
1042,2008-06-27_16-08-22,1,1,0,0,0,1_1_0_0_0
1042,2008-06-30_12-03-34,1,1,0,0,0,1_1_0_0_0
1042,2009-06-26_16-09-32,1,1,0,0,0,1_1_0_0_0
1042,2009-07-02_08-38-38,1,1,0,0,0,1_1_0_0_0
1042,2009-07-14_16-12-36,1,1,0,0,0,1_1_0_0_0
1042,2008-04-14_17-39-16,1,1,0,0,0,1_1_0_0_0
1042,2008-06-03_08-58-26,1,1,0,0,0,1_1_0_0_0
1042,2008-03-26_10-16-28,1,1,0,0,0,1_1_0_0_0
1042,2008-02-22_12-06-57,1,1,0,0,0,1_1_0_0_0
1042,2008-03-11_17-24-05,1,1,0,0,0,1_1_0_0_0
1042,2008-02-20_12-59-58,1,1,0,0,0,1_1_0_0_0
1042,2008-02-20_15-27-22,1,1,0,0,0,1_1_0_0_0
1042,2008-02-20_15-27-31,1,1,0,0,0,1_1_0_0_0
1042,2008-02-20_15-27-38,1,1,0,0,0,1_1_0_0_0
1042,2008-02-20_17-12-12,1,1,0,0,0,1_1_0_0_0
1042,2008-02-20_17-12-30,1,1,0,0,0,1_1_0_0_0
1042,2008-02-21_17-10-04,1,1,0,0,0,1_1_0_0_0
1042,2008-02-22_11-03-39,1,1,0,0,0,1_1_0_0_0
1042,2008-03-25_12-12-19,1,1,0,0,0,1_1_0_0_0
1042,2008-02-22_12-06-16,1,1,0,0,0,1_1_0_0_0
1042,2008-02-22_12-06-36,1,1,0,0,0,1_1_0_0_0
1042,2008-02-22_11-03-50,1,1,0,0,0,1_1_0_0_0
1042,2008-03-07_11-59-34,1,1,0,0,0,1_1_0_0_0
1042,2008-02-25_17-25-03,1,1,0,0,0,1_1_0_0_0
1042,2008-02-26_12-52-40,1,1,0,0,0,1_1_0_0_0
1042,2008-02-28_17-18-18,1,1,0,0,0,1_1_0_0_0
1042,2008-02-28_17-18-29,1,1,0,0,0,1_1_0_0_0
1042,2008-02-29_08-35-37,1,1,0,0,0,1_1_0_0_0
1042,2008-03-05_12-33-24,1,1,0,0,0,1_1_0_0_0
1042,2008-03-06_12-28-59,1,1,0,0,0,1_1_0_0_0
1042,2008-03-06_12-29-37,1,1,0,0,0,1_1_0_0_0
1042,2008-02-22_12-07-07,1,1,0,0,1,1_1_0_0_1
1042,2008-03-07_12-00-06,1,1,0,0,0,1_1_0_0_0
1043,2008-06-06_11-16-07,0,0,0,0,0,0_0_0_0_0
1043,2008-05-30_13-31-17,0,0,0,0,1,0_0_0_0_1
1043,2008-05-30_13-30-52,0,0,0,0,0,0_0_0_0_0
1043,2008-05-22_16-24-15,0,0,0,0,0,0_0_0_0_0
1043,2008-06-10_15-23-59,0,0,0,0,0,0_0_0_0_0
1043,2008-05-12_11-11-43,0,0,0,0,0,0_0_0_0_0
1043,2008-04-02_12-47-35,0,0,0,0,1,0_0_0_0_1
1043,2008-03-20_14-46-13,0,0,0,0,1,0_0_0_0_1
1043,2008-05-15_14-14-39,0,0,0,0,0,0_0_0_0_0
1043,2009-06-25_15-16-23,0,0,0,0,1,0_0_0_0_1
1043,2008-05-12_11-12-00,0,0,0,0,0,0_0_0_0_0
1043,2009-06-26_14-47-55,0,0,0,0,1,0_0_0_0_1
1043,2009-06-29_15-42-35,0,0,0,0,0,0_0_0_0_0
1043,2009-06-30_14-09-38,0,0,0,0,0,0_0_0_0_0
1043,2009-06-30_15-38-32,0,0,0,0,0,0_0_0_0_0
1043,2009-07-02_16-11-57,0,0,0,0,0,0_0_0_0_0
1043,2009-07-03_14-26-55,0,0,0,0,1,0_0_0_0_1
1043,2009-07-07_13-56-07,0,0,0,0,0,0_0_0_0_0
1043,2009-07-09_09-52-51,0,0,0,0,0,0_0_0_0_0
1043,2009-07-31_12-29-36,0,0,0,0,0,0_0_0_0_0
1043,2008-03-17_12-51-11,0,0,0,0,0,0_0_0_0_0
1043,2009-06-26_11-56-47,0,0,0,0,0,0_0_0_0_0
1043,2008-03-13_17-02-16,0,0,0,0,1,0_0_0_0_1
1043,2008-03-13_08-18-28,0,0,0,0,0,0_0_0_0_0
1043,2008-03-10_09-30-39,0,0,0,0,1,0_0_0_0_1
1043,2008-02-18_10-52-44,0,0,0,0,1,0_0_0_0_1
1043,2008-02-18_10-55-10,0,0,0,0,1,0_0_0_0_1
1043,2008-02-18_15-21-00,0,0,0,0,1,0_0_0_0_1
1043,2008-02-19_14-25-45,0,0,0,0,0,0_0_0_0_0
1043,2008-02-19_14-26-02,0,0,0,0,1,0_0_0_0_1
1043,2008-02-19_16-03-27,0,0,0,0,0,0_0_0_0_0
1043,2008-02-20_09-19-23,0,0,0,0,1,0_0_0_0_1
1043,2008-02-20_09-19-51,0,0,0,0,1,0_0_0_0_1
1043,2008-02-22_07-53-50,0,0,0,0,0,0_0_0_0_0
1043,2008-02-22_09-31-47,0,0,0,0,1,0_0_0_0_1
1043,2008-02-22_11-59-00,0,0,0,0,0,0_0_0_0_0
1043,2008-02-25_15-00-39,0,0,0,0,1,0_0_0_0_1
1043,2008-02-26_09-03-51,0,0,0,0,0,0_0_0_0_0
1043,2008-02-26_10-43-31,0,0,0,0,1,0_0_0_0_1
1043,2008-02-29_10-46-28,0,0,0,0,0,0_0_0_0_0
1043,2008-02-29_10-46-51,0,0,0,0,1,0_0_0_0_1
1043,2008-02-29_12-41-15,0,0,0,0,1,0_0_0_0_1
1043,2008-02-29_12-41-41,0,0,0,0,0,0_0_0_0_0
1043,2008-03-03_10-45-43,0,0,0,0,0,0_0_0_0_0
1043,2008-03-04_13-49-23,0,0,0,0,0,0_0_0_0_0
1043,2008-03-05_15-54-32,0,0,0,0,1,0_0_0_0_1
1043,2008-02-25_15-00-22,0,0,0,0,0,0_0_0_0_0
1048,2009-08-11_12-03-02,1,1,0,0,1,1_1_0_0_1
1048,2009-06-26_12-42-00,1,1,0,0,1,1_1_0_0_1
1048,2009-06-26_12-53-37,1,1,0,0,0,1_1_0_0_0
1048,2009-06-26_11-56-02,1,1,0,0,0,1_1_0_0_0
1048,2009-06-26_12-18-32,1,1,0,0,0,1_1_0_0_0
1049,2008-05-30_13-31-07,0,0,0,0,1,0_0_0_0_1
1049,2009-08-25_13-39-27,0,0,0,0,1,0_0_0_0_1
1051,2009-10-21_18-21-53,1,1,0,0,0,1_1_0_0_0
1051,2008-04-03_13-29-30,1,1,0,0,0,1_1_0_0_0
1051,2008-04-15_16-39-18,1,1,0,0,0,1_1_0_0_0
1051,2008-04-16_18-10-55,1,1,0,0,0,1_1_0_0_0
1051,2008-04-18_15-02-56,1,1,0,0,0,1_1_0_0_0
1051,2008-05-15_13-05-18,1,1,0,0,0,1_1_0_0_0
1051,2008-06-10_16-45-07,1,1,0,1,0,1_1_0_1_0
1051,2009-08-18_08-22-13,1,1,0,0,0,1_1_0_0_0
1051,2009-10-16_16-21-30,1,1,1,0,0,1_1_1_0_0
1052,2009-10-23_13-23-27,1,0,0,0,1,1_0_0_0_1
1052,2009-10-20_15-59-54,1,0,0,0,0,1_0_0_0_0
1052,2008-02-21_08-18-26,1,0,0,0,0,1_0_0_0_0
1052,2008-02-21_08-18-40,1,0,0,0,1,1_0_0_0_1
1052,2008-04-25_08-11-09,1,0,0,0,0,1_0_0_0_0
1053,2008-05-24_08-48-37,1,0,0,0,1,1_0_0_0_1
1053,2008-02-21_15-06-31,1,0,0,0,0,1_0_0_0_0
1053,2008-02-23_10-37-36,1,0,0,0,1,1_0_0_0_1
1053,2008-04-05_11-18-35,1,0,0,0,1,1_0_0_0_1
1053,2008-04-05_14-15-50,1,1,0,0,1,1_1_0_0_1
1053,2008-04-26_08-07-51,1,0,0,0,1,1_0_0_0_1
1053,2008-05-11_09-38-24,1,0,0,0,1,1_0_0_0_1
1053,2009-08-28_18-20-47,1,0,0,0,0,1_0_0_0_0
1054,2009-06-29_12-52-38,1,0,0,0,0,1_0_0_0_0
1055,2009-10-11_09-02-30,1,0,0,0,0,1_0_0_0_0
1055,2009-09-01_17-40-11,1,0,0,0,1,1_0_0_0_1
1055,2009-08-22_08-45-35,1,0,0,0,0,1_0_0_0_0
1055,2009-08-22_12-11-18,1,1,0,0,1,1_1_0_0_1
1056,2009-07-20_13-27-19,1,0,0,0,1,1_0_0_0_1
1056,2009-08-13_14-36-19,1,0,0,0,1,1_0_0_0_1
1058,2009-07-28_13-54-44,1,0,1,0,0,1_0_1_0_0
1059,2009-10-23_13-22-38,1,0,0,0,0,1_0_0_0_0
1059,2009-10-23_13-25-11,1,0,0,0,1,1_0_0_0_1
1060,2009-06-29_11-47-29,1,1,0,0,0,1_1_0_0_0
1060,2009-06-29_11-52-37,1,0,0,0,0,1_0_0_0_0
1061,2009-06-25_13-01-30,0,0,0,1,1,0_0_0_1_1
1062,2009-09-02_15-04-53,1,1,0,0,1,1_1_0_0_1
1062,2009-09-04_11-18-11,1,1,0,0,1,1_1_0_0_1
1062,2009-09-08_10-14-07,1,1,0,0,0,1_1_0_0_0
1062,2009-09-14_13-14-35,1,0,0,0,0,1_0_0_0_0
1062,2009-10-02_10-43-05,1,0,0,0,1,1_0_0_0_1
1062,2009-10-06_09-51-56,1,0,0,0,0,1_0_0_0_0
1064,2009-06-25_15-44-38,1,0,0,0,0,1_0_0_0_0
1064,2009-06-25_15-42-14,1,0,0,0,0,1_0_0_0_0
1068,2009-09-01_18-00-39,1,0,0,0,0,1_0_0_0_0
1071,2009-10-06_18-45-46,1,0,0,0,0,1_0_0_0_0
1072,2008-06-12_17-10-01,1,0,1,0,0,1_0_1_0_0
1072,2008-02-15_16-24-03,1,0,0,0,0,1_0_0_0_0
1072,2009-06-29_15-39-57,1,0,0,0,0,1_0_0_0_0
1072,2008-02-15_16-22-12,1,0,0,0,0,1_0_0_0_0
1072,2008-02-15_16-22-25,1,0,0,0,0,1_0_0_0_0
1074,2009-08-20_17-22-24,1,0,0,0,0,1_0_0_0_0
1074,2009-06-30_19-26-57,1,0,0,0,0,1_0_0_0_0
1074,2008-06-03_20-07-28,1,0,0,0,0,1_0_0_0_0
1074,2008-03-14_17-22-58,1,0,0,0,0,1_0_0_0_0
1074,2008-04-30_19-26-24,1,0,0,0,1,1_0_0_0_1
1074,2008-04-28_18-20-39,1,0,0,0,1,1_0_0_0_1
1074,2008-04-15_19-55-00,1,0,0,0,1,1_0_0_0_1
1074,2008-04-09_18-42-13,1,0,0,0,1,1_0_0_0_1
1074,2008-04-08_18-50-41,1,0,0,0,0,1_0_0_0_0
1074,2008-03-13_18-43-23,1,0,0,0,0,1_0_0_0_0
1074,2008-03-04_19-09-36,1,0,0,0,0,1_0_0_0_0
1074,2008-03-13_13-37-35,1,0,0,0,0,1_0_0_0_0
1074,2008-03-13_13-37-24,1,0,0,0,0,1_0_0_0_0
1074,2008-03-13_13-37-12,1,0,0,0,0,1_0_0_0_0
1074,2008-03-12_19-15-24,1,0,0,0,1,1_0_0_0_1
1074,2008-03-11_18-30-45,1,0,0,0,0,1_0_0_0_0
1074,2008-03-10_18-05-17,1,0,0,0,1,1_0_0_0_1
1074,2008-03-04_19-07-21,1,0,0,0,0,1_0_0_0_0
1074,2008-02-19_17-38-09,1,0,0,0,0,1_0_0_0_0
1074,2008-03-13_13-37-47,1,0,0,0,1,1_0_0_0_1
1075,2008-04-28_19-31-12,1,0,0,0,0,1_0_0_0_0
1075,2008-05-09_13-11-59,1,0,0,0,0,1_0_0_0_0
1075,2008-05-09_13-11-37,1,0,0,0,0,1_0_0_0_0
1075,2008-04-25_13-42-55,1,0,0,0,0,1_0_0_0_0
1075,2008-05-09_15-40-43,1,0,0,0,1,1_0_0_0_1
1075,2008-04-23_18-58-37,1,0,0,0,0,1_0_0_0_0
1075,2008-04-21_18-56-33,1,0,0,0,0,1_0_0_0_0
1075,2008-04-21_18-56-19,1,0,0,0,0,1_0_0_0_0
1075,2008-04-17_18-58-09,1,0,0,0,1,1_0_0_0_1
1075,2008-04-23_18-58-53,1,0,0,0,0,1_0_0_0_0
1075,2008-05-12_18-45-29,1,0,0,0,0,1_0_0_0_0
1075,2008-04-16_18-09-44,1,0,0,0,0,1_0_0_0_0
1075,2008-05-14_18-53-40,1,0,0,0,0,1_0_0_0_0
1075,2008-05-15_11-29-59,1,0,0,0,0,1_0_0_0_0
1075,2008-05-15_15-36-06,1,0,0,0,0,1_0_0_0_0
1075,2008-05-16_16-15-06,1,0,0,0,0,1_0_0_0_0
1075,2008-05-16_16-15-44,1,0,0,0,0,1_0_0_0_0
1075,2008-05-29_16-29-39,1,0,0,0,0,1_0_0_0_0
1075,2008-05-29_16-29-53,1,0,0,0,0,1_0_0_0_0
1075,2008-06-03_18-52-51,1,0,0,0,0,1_0_0_0_0
1075,2008-06-05_17-28-10,1,0,0,0,0,1_0_0_0_0
1075,2009-08-28_15-11-09,1,0,0,0,0,1_0_0_0_0
1075,2008-05-12_18-45-50,1,0,0,0,0,1_0_0_0_0
1075,2008-04-15_10-06-53,1,0,0,0,0,1_0_0_0_0
1075,2008-05-16_16-15-29,1,0,0,0,0,1_0_0_0_0
1075,2008-04-10_10-47-11,1,0,0,0,0,1_0_0_0_0
1075,2008-02-15_15-41-00,1,0,0,1,0,1_0_0_1_0
1075,2008-02-15_15-41-14,1,0,0,0,0,1_0_0_0_0
1075,2008-02-20_13-06-34,1,0,0,0,0,1_0_0_0_0
1075,2008-02-20_13-06-46,1,0,0,0,1,1_0_0_0_1
1075,2008-02-20_13-07-05,1,0,0,0,0,1_0_0_0_0
1075,2008-02-21_17-57-51,1,0,0,0,0,1_0_0_0_0
1075,2008-04-10_13-16-20,1,0,0,0,1,1_0_0_0_1
1075,2008-02-28_17-36-25,1,0,0,0,0,1_0_0_0_0
1075,2008-02-28_17-37-10,1,0,0,0,0,1_0_0_0_0
1075,2008-03-10_12-54-50,1,0,0,0,0,1_0_0_0_0
1075,2008-03-17_14-36-37,1,0,0,0,0,1_0_0_0_0
1075,2008-03-14_11-36-40,1,0,0,0,0,1_0_0_0_0
1075,2008-03-17_17-13-45,1,0,0,0,0,1_0_0_0_0
1075,2008-04-09_18-59-45,1,0,0,0,0,1_0_0_0_0
1075,2008-04-08_19-00-21,1,0,0,0,0,1_0_0_0_0
1075,2008-04-08_12-40-01,1,0,0,0,0,1_0_0_0_0
1075,2008-03-17_14-36-54,1,0,0,0,0,1_0_0_0_0
1075,2008-04-04_13-02-38,1,0,0,0,0,1_0_0_0_0
1075,2008-04-07_19-02-24,1,0,0,0,0,1_0_0_0_0
1075,2008-04-03_17-50-00,1,0,0,0,0,1_0_0_0_0
1075,2008-04-01_18-45-27,1,0,0,0,0,1_0_0_0_0
1075,2008-03-31_17-07-03,1,0,0,0,0,1_0_0_0_0
1075,2008-03-26_13-06-08,1,0,0,0,0,1_0_0_0_0
1075,2008-04-03_19-19-47,1,0,0,0,0,1_0_0_0_0
1076,2008-04-08_15-46-14,1,0,0,0,0,1_0_0_0_0
1076,2009-10-09_15-38-52,1,0,0,0,0,1_0_0_0_0
1078,2008-05-17_12-21-36,1,0,0,0,1,1_0_0_0_1
1078,2009-06-29_07-27-24,1,0,0,0,0,1_0_0_0_0
1078,2008-05-17_12-21-30,1,0,0,0,1,1_0_0_0_1
1078,2008-05-17_12-20-09,1,0,0,0,1,1_0_0_0_1
1078,2008-05-17_12-21-18,1,0,0,0,0,1_0_0_0_0
1078,2008-05-17_12-19-51,1,0,1,0,1,1_0_1_0_1
1078,2008-05-17_12-21-24,1,0,0,0,1,1_0_0_0_1
1079,2009-08-24_08-11-05,1,0,0,0,0,1_0_0_0_0
1080,2008-02-29_12-51-32,1,0,1,0,0,1_0_1_0_0
1080,2008-03-06_10-38-23,1,0,1,0,0,1_0_1_0_0
1080,2008-03-19_09-04-14,1,0,1,0,0,1_0_1_0_0
1080,2008-03-28_08-47-26,1,0,1,0,1,1_0_1_0_1
1080,2008-04-21_07-34-05,1,0,1,0,1,1_0_1_0_1
1080,2008-05-09_13-35-49,1,0,1,0,0,1_0_1_0_0
1080,2009-07-22_12-51-22,1,0,1,0,0,1_0_1_0_0
1080,2009-10-15_08-57-37,1,0,1,0,0,1_0_1_0_0
1082,2008-04-14_13-40-21,1,0,0,0,0,1_0_0_0_0
1082,2008-03-04_15-25-53,1,0,0,0,0,1_0_0_0_0
1082,2008-02-29_10-58-36,1,0,0,0,0,1_0_0_0_0
1085,2008-03-11_13-09-37,1,1,0,0,0,1_1_0_0_0
1085,2009-07-29_14-21-56,1,1,0,1,0,1_1_0_1_0
1085,2008-04-08_15-08-58,1,1,0,0,0,1_1_0_0_0
1085,2008-04-07_11-38-32,1,1,0,0,0,1_1_0_0_0
1085,2008-03-19_11-28-34,1,1,0,0,0,1_1_0_0_0
1085,2008-03-18_16-52-14,1,1,0,0,0,1_1_0_0_0
1085,2008-03-18_14-37-18,1,1,0,0,0,1_1_0_0_0
1085,2008-03-14_10-09-46,1,1,0,0,0,1_1_0_0_0
1085,2008-03-14_10-09-27,1,1,0,0,0,1_1_0_0_0
1085,2008-03-13_15-10-57,1,1,0,0,1,1_1_0_0_1
1085,2008-03-13_13-52-21,1,1,0,0,0,1_1_0_0_0
1085,2008-03-04_19-03-34,1,1,0,0,0,1_1_0_0_0
1085,2008-03-12_15-39-24,1,1,0,0,0,1_1_0_0_0
1085,2008-03-04_11-40-57,1,1,0,0,0,1_1_0_0_0
1085,2008-03-03_16-48-48,1,1,0,0,0,1_1_0_0_0
1085,2008-03-04_16-44-26,1,1,0,0,0,1_1_0_0_0
1085,2008-03-03_12-13-24,1,1,0,0,0,1_1_0_0_0
1085,2008-02-29_10-15-34,1,1,0,0,0,1_1_0_0_0
1085,2008-02-25_14-30-34,1,1,0,0,0,1_1_0_0_0
1085,2008-02-25_11-33-49,1,1,0,0,0,1_1_0_0_0
1085,2008-02-22_16-49-47,1,1,0,0,0,1_1_0_0_0
1085,2008-02-22_14-44-32,1,1,0,0,0,1_1_0_0_0
1085,2008-02-22_12-18-32,1,1,0,0,0,1_1_0_0_0
1085,2008-02-22_11-06-30,1,1,0,0,0,1_1_0_0_0
1085,2008-02-22_11-06-12,1,1,0,0,0,1_1_0_0_0
1085,2008-02-20_16-19-11,1,1,0,0,0,1_1_0_0_0
1086,2009-07-02_15-59-35,1,0,0,0,0,1_0_0_0_0
1088,2008-03-03_19-16-41,1,0,0,0,0,1_0_0_0_0
1088,2008-03-03_19-15-42,1,0,0,0,0,1_0_0_0_0
1090,2008-02-22_11-01-41,0,0,0,0,1,0_0_0_0_1
1090,2009-08-04_12-53-19,0,0,0,0,0,0_0_0_0_0
1091,2008-04-17_13-00-29,1,0,0,1,1,1_0_0_1_1
1091,2008-02-19_10-09-41,1,0,0,0,0,1_0_0_0_0
1091,2008-02-19_10-09-52,1,0,0,0,0,1_0_0_0_0
1091,2008-02-19_10-11-09,1,0,0,0,0,1_0_0_0_0
1091,2008-02-19_10-11-20,1,0,0,0,0,1_0_0_0_0
1091,2008-02-19_10-11-38,1,0,0,0,0,1_0_0_0_0
1091,2008-04-21_17-46-47,1,0,0,0,0,1_0_0_0_0
1091,2008-04-21_17-47-00,1,0,0,0,0,1_0_0_0_0
1091,2008-04-29_16-45-53,1,0,0,0,0,1_0_0_0_0
1091,2009-07-08_14-11-49,1,0,0,0,0,1_0_0_0_0
1091,2009-10-20_17-03-21,1,0,0,0,1,1_0_0_0_1
1091,2009-10-22_16-55-25,1,0,0,0,0,1_0_0_0_0
1093,2009-08-28_16-58-31,1,1,1,0,0,1_1_1_0_0
1093,2009-08-29_14-11-25,1,1,1,0,0,1_1_1_0_0
1094,2009-07-17_12-45-17,0,0,0,0,0,0_0_0_0_0
1098,2008-03-03_16-10-59,1,0,0,0,0,1_0_0_0_0
1100,2009-06-26_07-16-26,1,0,1,0,0,1_0_1_0_0
1100,2009-07-22_07-37-36,1,0,1,0,0,1_0_1_0_0
1103,2009-09-17_10-34-49,1,0,0,0,0,1_0_0_0_0
1103,2008-06-03_12-44-57,1,0,0,0,1,1_0_0_0_1
1103,2008-06-03_12-44-28,1,0,0,0,0,1_0_0_0_0
1103,2008-04-04_11-30-57,1,0,0,0,0,1_0_0_0_0
1103,2008-04-04_11-30-35,1,0,0,0,0,1_0_0_0_0
1103,2008-02-26_13-21-59,1,0,0,0,1,1_0_0_0_1
1103,2009-09-22_14-07-34,1,0,0,0,0,1_0_0_0_0
1103,2008-02-22_11-47-34,1,0,0,0,1,1_0_0_0_1
1103,2008-02-22_11-01-24,1,0,0,0,1,1_0_0_0_1
1103,2008-02-20_13-07-41,1,0,0,0,1,1_0_0_0_1
1103,2008-02-19_15-50-47,1,0,0,0,1,1_0_0_0_1
1103,2008-02-19_15-50-28,1,0,0,0,1,1_0_0_0_1
1103,2008-02-26_11-25-30,1,0,0,0,1,1_0_0_0_1
1104,2009-06-25_16-28-48,0,1,0,0,0,0_1_0_0_0
1104,2008-06-18_12-08-13,0,0,0,0,0,0_0_0_0_0
1104,2009-06-29_13-10-35,0,0,0,0,0,0_0_0_0_0
1104,2008-02-28_17-44-05,0,1,0,0,0,0_1_0_0_0
1104,2008-06-18_12-07-17,0,1,0,0,0,0_1_0_0_0
1109,2009-07-23_14-10-03,0,0,0,0,0,0_0_0_0_0
1111,2008-03-04_13-31-02,1,1,0,0,0,1_1_0_0_0
1111,2009-09-01_09-11-09,1,1,0,0,0,1_1_0_0_0
1116,2008-03-11_17-48-14,1,1,0,0,1,1_1_0_0_1
1116,2009-07-10_10-40-08,1,1,0,0,0,1_1_0_0_0
1116,2008-04-25_12-10-17,1,1,0,0,0,1_1_0_0_0
1116,2008-03-14_15-43-23,1,1,0,0,1,1_1_0_0_1
1116,2008-03-13_13-41-53,1,1,0,0,1,1_1_0_0_1
1116,2008-03-13_13-41-39,1,1,0,0,1,1_1_0_0_1
1116,2008-03-13_07-52-50,1,1,0,0,1,1_1_0_0_1
1116,2008-03-10_18-00-22,1,1,0,0,1,1_1_0_0_1
1116,2008-02-21_07-24-05,1,1,0,0,1,1_1_0_0_1
1116,2008-03-05_08-16-52,1,1,0,1,1,1_1_0_1_1
1116,2008-02-21_07-44-10,1,1,0,0,1,1_1_0_0_1
1116,2008-02-22_12-20-57,1,1,0,0,0,1_1_0_0_0
1116,2008-02-25_17-34-20,1,1,0,0,0,1_1_0_0_0
1116,2008-03-05_18-28-33,1,1,0,0,1,1_1_0_0_1
1116,2008-02-26_11-12-22,1,1,0,0,0,1_1_0_0_0
1116,2008-02-26_14-45-38,1,1,0,0,1,1_1_0_0_1
1116,2008-02-26_07-58-34,1,1,0,0,1,1_1_0_0_1
1117,2009-07-30_10-57-07,1,0,0,0,1,1_0_0_0_1
1118,2009-07-02_16-58-41,1,0,1,0,0,1_0_1_0_0
1119,2009-08-04_12-53-42,1,1,0,0,0,1_1_0_0_0
1119,2009-06-29_12-28-13,1,1,0,0,0,1_1_0_0_0
1119,2008-04-08_17-15-47,1,1,0,0,0,1_1_0_0_0
1119,2008-05-29_16-49-20,1,1,0,0,0,1_1_0_0_0
1119,2008-03-11_15-09-00,1,1,0,0,0,1_1_0_0_0
1119,2008-03-05_14-06-19,1,1,0,0,0,1_1_0_0_0
1119,2008-02-29_10-16-20,1,1,0,0,0,1_1_0_0_0
1119,2008-03-11_16-17-55,1,1,0,0,0,1_1_0_0_0
1120,2009-07-29_16-00-39,1,0,0,0,0,1_0_0_0_0
1120,2009-07-29_16-01-28,1,0,0,1,1,1_0_0_1_1
1122,2009-07-17_12-55-52,0,0,0,0,0,0_0_0_0_0
1123,2009-06-29_17-50-08,1,1,1,0,0,1_1_1_0_0
1123,2008-02-15_18-14-05,1,1,1,0,1,1_1_1_0_1
1123,2008-02-15_18-14-21,1,1,1,0,0,1_1_1_0_0
1123,2008-02-15_18-14-51,1,1,1,0,0,1_1_1_0_0
1124,2009-10-12_18-42-22,1,1,0,0,1,1_1_0_0_1
1125,2009-04-08_09-49-46,1,0,0,0,0,1_0_0_0_0
1126,2008-02-19_18-11-47,0,0,0,0,1,0_0_0_0_1
1126,2009-07-28_15-20-43,0,0,0,0,1,0_0_0_0_1
1128,2009-07-02_16-00-15,1,0,0,0,1,1_0_0_0_1
1131,2009-08-26_20-29-00,1,1,1,0,0,1_1_1_0_0
1132,2008-05-14_18-59-07,1,0,0,0,1,1_0_0_0_1
1132,2008-05-14_20-00-35,1,0,0,0,0,1_0_0_0_0
1132,2008-05-14_20-16-27,1,0,0,0,1,1_0_0_0_1
1132,2008-05-15_19-54-15,1,0,0,0,0,1_0_0_0_0
1132,2008-05-16_15-53-58,1,0,0,0,1,1_0_0_0_1
1132,2008-05-16_18-02-10,1,0,0,0,1,1_0_0_0_1
1132,2008-05-16_18-02-48,1,0,0,0,1,1_0_0_0_1
1132,2008-05-20_19-52-08,1,0,0,0,1,1_0_0_0_1
1132,2008-05-20_20-02-37,1,0,0,0,1,1_0_0_0_1
1132,2008-05-22_19-59-28,1,0,0,0,1,1_0_0_0_1
1132,2008-05-23_19-37-02,1,0,0,0,0,1_0_0_0_0
1132,2008-05-13_20-16-32,1,0,0,0,0,1_0_0_0_0
1132,2008-05-27_19-54-32,1,0,0,0,1,1_0_0_0_1
1132,2008-05-28_20-04-37,1,0,0,0,0,1_0_0_0_0
1132,2008-05-28_20-04-55,1,0,0,0,1,1_0_0_0_1
1132,2008-05-28_20-05-20,1,0,0,0,0,1_0_0_0_0
1132,2008-06-02_19-45-06,1,0,0,0,0,1_0_0_0_0
1132,2008-06-02_19-46-11,1,0,0,0,1,1_0_0_0_1
1132,2008-06-03_20-25-54,1,0,0,0,0,1_0_0_0_0
1132,2008-06-13_20-05-51,1,0,0,0,1,1_0_0_0_1
1132,2009-06-25_19-31-14,1,0,0,0,0,1_0_0_0_0
1132,2008-05-27_19-53-47,1,0,0,0,0,1_0_0_0_0
1132,2008-05-13_20-12-25,1,0,0,0,1,1_0_0_0_1
1132,2008-05-13_18-55-10,1,0,0,0,1,1_0_0_0_1
1132,2008-05-13_20-09-26,1,0,0,0,1,1_0_0_0_1
1132,2008-03-31_16-27-46,1,0,0,0,0,1_0_0_0_0
1132,2008-03-31_16-28-11,1,0,0,1,0,1_0_0_1_0
1132,2008-03-31_16-28-28,1,0,0,0,0,1_0_0_0_0
1132,2008-03-31_16-29-45,1,0,0,0,0,1_0_0_0_0
1132,2008-03-31_16-30-01,1,0,0,0,0,1_0_0_0_0
1132,2008-04-03_18-43-37,1,0,0,0,1,1_0_0_0_1
1132,2008-04-03_18-44-52,1,0,0,0,1,1_0_0_0_1
1132,2008-04-03_18-45-19,1,0,0,0,1,1_0_0_0_1
1132,2008-04-03_19-59-34,1,0,0,0,0,1_0_0_0_0
1132,2008-04-03_18-44-36,1,0,0,0,1,1_0_0_0_1
1132,2008-04-09_20-07-22,1,0,0,0,0,1_0_0_0_0
1132,2008-05-12_20-26-16,1,0,0,0,1,1_0_0_0_1
1132,2008-04-09_20-05-27,1,0,0,0,1,1_0_0_0_1
1132,2008-05-09_19-17-20,1,0,0,0,1,1_0_0_0_1
1132,2008-05-09_17-13-07,1,0,0,0,0,1_0_0_0_0
1132,2008-04-21_20-01-48,1,0,0,0,0,1_0_0_0_0
1132,2008-05-12_20-23-30,1,0,0,0,1,1_0_0_0_1
1132,2008-04-10_20-11-05,1,0,0,0,0,1_0_0_0_0
1132,2008-04-10_20-10-53,1,0,0,0,1,1_0_0_0_1
1132,2008-04-09_20-15-32,1,0,0,0,0,1_0_0_0_0
1132,2008-04-10_20-11-16,1,0,0,0,0,1_0_0_0_0
1133,2008-02-25_12-46-39,1,1,1,0,0,1_1_1_0_0
1133,2008-02-26_07-41-33,1,1,1,1,0,1_1_1_1_0
1133,2008-02-26_07-41-43,1,1,1,0,0,1_1_1_0_0
1134,2008-03-12_16-36-44,1,0,0,0,0,1_0_0_0_0
1134,2009-07-10_16-23-24,1,0,0,1,0,1_0_0_1_0
1134,2008-04-25_14-17-38,1,0,0,0,1,1_0_0_0_1
1134,2008-04-09_16-42-59,1,0,0,0,0,1_0_0_0_0
1134,2008-03-27_16-59-46,1,0,0,0,1,1_0_0_0_1
1134,2008-03-12_09-20-03,1,0,0,0,1,1_0_0_0_1
1134,2008-02-18_14-37-09,1,0,0,1,1,1_0_0_1_1
1134,2008-02-28_17-27-59,1,0,0,0,1,1_0_0_0_1
1134,2008-02-25_16-42-51,1,0,0,0,0,1_0_0_0_0
1134,2008-02-25_16-42-39,1,0,0,0,1,1_0_0_0_1
1134,2008-02-19_08-31-43,1,0,0,1,0,1_0_0_1_0
1134,2008-02-18_14-35-44,1,0,0,0,0,1_0_0_0_0
1134,2008-03-07_10-14-00,1,0,0,0,1,1_0_0_0_1
1137,2009-09-24_09-38-44,1,0,0,1,0,1_0_0_1_0
1140,2008-02-22_11-09-46,0,1,0,0,1,0_1_0_0_1
1140,2008-02-22_11-10-19,0,1,0,0,0,0_1_0_0_0
1140,2009-07-23_14-08-36,0,1,0,1,1,0_1_0_1_1
1142,2008-05-29_07-59-59,1,0,0,0,0,1_0_0_0_0
1142,2008-04-23_11-48-14,1,0,0,0,0,1_0_0_0_0
1142,2008-05-29_07-59-50,1,0,0,0,0,1_0_0_0_0
1144,2007-12-07_14-12-29,1,0,1,0,0,1_0_1_0_0
1144,2007-12-07_14-28-56,1,0,1,0,0,1_0_1_0_0
1144,2007-12-07_14-35-12,1,0,1,0,0,1_0_1_0_0
1148,2007-12-11_11-18-02,0,0,0,0,1,0_0_0_0_1
1151,2008-02-22_13-15-04,1,0,1,0,0,1_0_1_0_0
1151,2008-05-16_16-27-17,1,1,1,0,0,1_1_1_0_0
1151,2008-02-22_14-42-03,1,1,1,0,0,1_1_1_0_0
1151,2008-02-22_14-12-50,1,1,1,0,0,1_1_1_0_0
1151,2008-02-20_09-07-06,1,0,1,0,0,1_0_1_0_0
1151,2008-04-04_13-40-12,1,1,1,0,0,1_1_1_0_0
1151,2008-02-19_14-10-03,1,0,1,0,0,1_0_1_0_0
1151,2008-02-19_10-42-34,1,0,1,0,0,1_0_1_0_0
1151,2008-02-18_17-33-08,1,0,1,0,0,1_0_1_0_0
1151,2008-02-18_10-59-51,1,0,1,0,0,1_0_1_0_0
1151,2008-02-19_14-10-15,1,0,1,0,0,1_0_1_0_0
1152,2008-06-24_09-35-49,1,0,0,0,0,1_0_0_0_0
1154,2009-07-15_11-28-45,0,1,0,0,1,0_1_0_0_1
1155,2010-02-10_15-10-58,1,0,0,0,0,1_0_0_0_0
1155,2010-02-10_15-12-04,1,0,0,0,0,1_0_0_0_0
1157,2009-12-07_12-14-37,1,0,0,0,0,1_0_0_0_0
1157,2009-12-07_12-14-32,1,0,0,0,1,1_0_0_0_1
1157,2009-12-07_12-13-40,1,0,0,0,0,1_0_0_0_0
1157,2009-12-07_12-12-42,1,0,0,0,1,1_0_0_0_1
1157,2009-12-07_12-14-06,1,0,0,0,1,1_0_0_0_1
1160,2009-12-07_12-11-39,0,0,0,0,0,0_0_0_0_0
1160,2009-12-07_12-12-15,0,0,0,0,0,0_0_0_0_0
1161,2010-02-10_14-54-27,0,0,0,0,0,0_0_0_0_0
1161,2010-02-10_14-55-04,0,0,0,0,0,0_0_0_0_0
1163,2009-11-27_13-23-00,1,0,1,0,0,1_0_1_0_0
1165,2010-02-10_15-14-05,1,1,1,0,0,1_1_1_0_0
1165,2010-02-10_15-16-10,1,1,1,0,0,1_1_1_0_0
1167,2009-11-27_13-24-24,1,0,1,0,0,1_0_1_0_0
1168,2010-02-10_14-57-36,1,1,1,0,0,1_1_1_0_0
1168,2010-02-10_14-58-06,1,1,1,0,0,1_1_1_0_0
1168,2010-02-10_14-58-36,1,0,1,0,0,1_0_1_0_0
1170,2010-02-10_15-16-40,1,0,0,0,0,1_0_0_0_0
1170,2010-02-10_15-17-01,1,0,0,0,0,1_0_0_0_0
1171,2010-02-10_15-17-59,1,0,0,0,0,1_0_0_0_0
1172,2009-12-07_12-16-13,1,0,1,0,1,1_0_1_0_1
1173,2007-12-05_13-06-49,1,0,0,0,0,1_0_0_0_0
1173,2007-12-05_20-34-11,1,0,0,0,0,1_0_0_0_0
1173,2007-12-06_17-16-06,1,0,0,0,0,1_0_0_0_0
1173,2007-12-06_20-22-00,1,0,0,0,0,1_0_0_0_0
1173,2007-12-06_20-22-07,1,0,0,0,0,1_0_0_0_0
1173,2007-12-07_13-42-27,1,0,0,0,1,1_0_0_0_1
1173,2007-12-11_15-34-29,1,0,0,0,0,1_0_0_0_0
1173,2007-12-11_15-34-13,1,0,0,0,0,1_0_0_0_0
1173,2007-12-04_17-58-07,1,0,0,0,1,1_0_0_0_1
1173,2007-12-12_15-42-24,1,0,0,0,0,1_0_0_0_0
1173,2007-12-12_15-43-12,1,0,0,0,0,1_0_0_0_0
1173,2007-12-12_21-49-18,1,0,0,0,0,1_0_0_0_0
1173,2007-12-07_13-42-55,1,0,0,0,0,1_0_0_0_0
1173,2007-12-04_17-57-37,1,0,0,0,0,1_0_0_0_0
1173,2007-12-04_13-10-29,1,0,0,0,1,1_0_0_0_1
1173,2007-12-04_17-54-22,1,0,0,0,1,1_0_0_0_1
1173,2007-12-04_11-55-10,1,0,0,0,0,1_0_0_0_0
1173,2007-12-04_17-56-10,1,0,0,0,0,1_0_0_0_0
1173,2007-12-04_13-06-45,1,0,0,0,1,1_0_0_0_1
1173,2007-12-04_13-08-20,1,0,0,0,0,1_0_0_0_0
1173,2007-12-04_13-11-34,1,0,0,0,1,1_0_0_0_1
1173,2007-12-04_12-51-35,1,0,0,0,1,1_0_0_0_1
1173,2007-12-04_13-57-47,1,0,0,0,0,1_0_0_0_0
1173,2007-12-04_13-58-14,1,0,0,0,0,1_0_0_0_0
1173,2007-12-04_13-58-41,1,0,0,0,1,1_0_0_0_1
1173,2007-12-04_17-51-25,1,0,0,0,0,1_0_0_0_0
1173,2007-12-04_17-53-11,1,0,0,0,0,1_0_0_0_0
1173,2007-12-04_13-12-04,1,0,0,0,0,1_0_0_0_0
1174,2007-12-05_18-29-32,1,0,1,0,0,1_0_1_0_0
1174,2007-12-12_17-23-52,1,0,1,0,1,1_0_1_0_1
1174,2007-12-12_17-23-39,1,0,1,0,1,1_0_1_0_1
1174,2007-12-12_17-23-00,1,0,1,0,0,1_0_1_0_0
1174,2007-12-11_19-50-38,1,0,1,0,0,1_0_1_0_0
1174,2007-12-07_13-41-46,1,0,1,0,0,1_0_1_0_0
1174,2007-12-07_11-55-54,1,0,1,0,0,1_0_1_0_0
1174,2007-12-05_18-30-30,1,0,1,0,1,1_0_1_0_1
1174,2007-12-05_18-30-09,1,0,1,0,0,1_0_1_0_0
1174,2007-12-05_15-21-12,1,0,1,1,0,1_0_1_1_0
1174,2007-12-04_17-55-46,1,0,1,0,1,1_0_1_0_1
1174,2007-12-05_14-38-17,1,0,1,0,0,1_0_1_0_0
1174,2007-12-05_14-37-51,1,0,1,0,0,1_0_1_0_0
1174,2007-12-05_11-02-06,1,0,1,0,0,1_0_1_0_0
1174,2007-12-04_17-58-19,1,0,1,0,0,1_0_1_0_0
1174,2007-12-04_17-54-33,1,0,1,0,0,1_0_1_0_0
1174,2007-12-04_17-52-56,1,0,1,0,0,1_0_1_0_0
1174,2007-12-04_17-50-54,1,0,1,0,0,1_0_1_0_0
1174,2007-12-04_17-50-47,1,0,1,0,0,1_0_1_0_0
1174,2007-12-04_17-50-28,1,0,1,0,0,1_0_1_0_0
1174,2007-12-05_14-38-48,1,0,1,0,0,1_0_1_0_0
1176,2007-12-06_14-29-48,1,0,0,0,0,1_0_0_0_0
1176,2007-12-06_14-50-46,1,0,0,0,0,1_0_0_0_0
1178,2008-10-10_16-00-36,1,0,0,0,0,1_0_0_0_0
1180,2009-05-26_18-02-25,0,0,0,0,0,0_0_0_0_0
1180,2009-05-26_18-02-15,0,0,0,0,0,0_0_0_0_0
1180,2009-05-25_11-05-52,0,0,0,0,0,0_0_0_0_0
1180,2009-05-25_11-04-30,0,0,0,0,0,0_0_0_0_0
1181,2007-12-04_16-07-50,1,0,0,0,0,1_0_0_0_0
1181,2007-12-04_16-08-49,1,0,0,0,1,1_0_0_0_1
1181,2007-12-04_17-24-40,1,0,0,0,0,1_0_0_0_0
1181,2007-12-05_16-27-16,1,0,0,0,1,1_0_0_0_1
1182,2007-12-04_12-37-58,1,1,0,0,0,1_1_0_0_0
1182,2007-12-04_14-28-09,1,1,0,0,0,1_1_0_0_0
1182,2007-12-04_17-06-17,1,1,0,0,1,1_1_0_0_1
1182,2007-12-06_14-16-06,1,1,0,0,0,1_1_0_0_0
1186,2007-12-12_16-43-30,1,1,1,0,0,1_1_1_0_0
1186,2007-12-11_11-30-50,1,1,1,0,0,1_1_1_0_0
1186,2007-12-07_15-58-22,1,1,1,0,0,1_1_1_0_0
1186,2007-12-06_16-42-11,1,1,1,0,0,1_1_1_0_0
1186,2007-12-06_16-37-56,1,0,1,0,0,1_0_1_0_0
1186,2007-12-06_12-19-10,1,1,1,0,0,1_1_1_0_0
1186,2007-12-05_17-04-21,1,1,1,0,1,1_1_1_0_1
1186,2007-12-05_11-15-41,1,1,1,0,0,1_1_1_0_0
1186,2007-12-04_17-45-44,1,1,1,0,0,1_1_1_0_0
1186,2007-12-06_16-34-53,1,1,1,0,0,1_1_1_0_0
1187,2007-12-04_13-08-03,1,0,1,0,1,1_0_1_0_1
1187,2007-12-10_12-50-45,1,0,1,0,0,1_0_1_0_0
1187,2007-12-10_16-32-32,1,0,1,0,0,1_0_1_0_0
1187,2007-12-11_10-16-10,1,0,1,0,0,1_0_1_0_0
1187,2007-12-11_12-54-24,1,0,1,0,0,1_0_1_0_0
1187,2007-12-12_17-28-08,1,0,1,0,1,1_0_1_0_1
1187,2007-12-13_10-58-21,1,0,1,0,0,1_0_1_0_0
1188,2007-12-04_17-58-29,0,0,0,0,1,0_0_0_0_1
1188,2007-12-04_17-53-19,0,0,0,0,1,0_0_0_0_1
1188,2007-12-04_17-51-45,0,0,0,1,1,0_0_0_1_1
1188,2007-12-04_09-57-51,0,0,0,0,1,0_0_0_0_1
1188,2007-12-04_17-52-08,0,0,0,0,1,0_0_0_0_1
1189,2007-12-04_13-12-38,1,0,0,0,1,1_0_0_0_1
1189,2007-12-04_15-14-43,1,0,0,0,0,1_0_0_0_0
1189,2007-12-04_15-33-12,1,0,0,0,0,1_0_0_0_0
1189,2007-12-04_17-51-56,1,0,0,0,0,1_0_0_0_0
1189,2007-12-04_17-52-46,1,0,0,0,1,1_0_0_0_1
1192,2007-12-11_12-32-50,0,0,0,0,0,0_0_0_0_0
1192,2007-12-12_15-24-54,0,0,0,0,0,0_0_0_0_0
1192,2007-12-12_11-54-58,0,0,0,0,1,0_0_0_0_1
1192,2007-12-12_11-40-20,0,0,0,0,0,0_0_0_0_0
1192,2007-12-07_15-24-22,0,1,0,0,0,0_1_0_0_0
1192,2007-12-06_11-37-38,0,0,0,0,1,0_0_0_0_1
1192,2007-12-07_13-54-56,0,0,0,0,0,0_0_0_0_0
1192,2007-12-06_17-00-44,0,0,0,0,0,0_0_0_0_0
1192,2007-12-06_11-55-00,0,0,0,0,1,0_0_0_0_1
1192,2007-12-06_11-38-22,0,0,0,0,0,0_0_0_0_0
1192,2007-12-07_15-09-12,0,1,0,0,0,0_1_0_0_0
1193,2009-05-25_11-01-22,1,1,1,0,0,1_1_1_0_0
1193,2009-05-25_11-09-08,1,1,1,0,0,1_1_1_0_0
1196,2007-12-07_11-04-19,1,1,0,0,0,1_1_0_0_0
1196,2007-12-07_12-59-56,1,1,0,0,0,1_1_0_0_0
1196,2007-12-05_13-58-10,1,1,0,0,1,1_1_0_0_1
1198,2007-12-06_15-52-20,1,1,1,0,0,1_1_1_0_0
1198,2007-12-06_17-56-06,1,1,1,0,0,1_1_1_0_0
1199,2007-12-05_13-21-45,1,0,1,0,1,1_0_1_0_1
1199,2007-12-06_17-34-13,1,0,1,0,1,1_0_1_0_1
1199,2007-12-05_17-08-49,1,0,1,0,0,1_0_1_0_0
1199,2007-12-05_17-08-35,1,0,1,0,0,1_0_1_0_0
1199,2007-12-05_17-08-18,1,0,1,0,1,1_0_1_0_1
1199,2007-12-05_13-22-09,1,0,1,0,1,1_0_1_0_1
1199,2007-12-05_12-45-11,1,0,1,0,1,1_0_1_0_1
1199,2007-12-04_17-10-24,1,0,1,0,1,1_0_1_0_1
1199,2007-12-04_17-10-11,1,0,1,0,1,1_0_1_0_1
1199,2007-12-04_17-10-05,1,0,1,0,1,1_0_1_0_1
1199,2007-12-04_17-09-57,1,0,1,0,1,1_0_1_0_1
1199,2007-12-04_17-09-50,1,0,1,0,1,1_0_1_0_1
1199,2007-12-04_17-09-33,1,0,1,0,1,1_0_1_0_1
1199,2007-12-04_13-11-01,1,0,1,0,0,1_0_1_0_0
1199,2007-12-04_17-10-32,1,0,1,0,1,1_0_1_0_1
1200,2007-12-04_11-53-04,1,0,0,0,0,1_0_0_0_0
1200,2007-12-04_10-16-40,1,0,0,0,1,1_0_0_0_1
1201,2007-12-11_14-48-03,1,0,0,0,0,1_0_0_0_0
1201,2007-12-11_14-53-48,1,0,0,0,0,1_0_0_0_0
1201,2007-12-11_14-56-57,1,0,0,0,0,1_0_0_0_0
1201,2007-12-07_16-27-15,1,0,1,0,0,1_0_1_0_0
1201,2007-12-11_15-01-24,1,0,0,0,0,1_0_0_0_0
1201,2007-12-11_15-01-41,1,0,0,0,0,1_0_0_0_0
1201,2007-12-13_11-49-45,1,0,0,0,0,1_0_0_0_0
1201,2007-12-11_15-00-56,1,0,0,0,0,1_0_0_0_0
1201,2007-12-07_16-26-58,1,0,0,0,0,1_0_0_0_0
1201,2007-12-04_09-22-52,1,0,1,0,0,1_0_1_0_0
1201,2007-12-05_15-47-12,1,0,1,0,1,1_0_1_0_1
1201,2007-12-05_14-09-43,1,0,1,0,0,1_0_1_0_0
1201,2007-12-05_11-36-01,1,0,1,0,0,1_0_1_0_0
1201,2007-12-04_15-26-26,1,1,1,0,0,1_1_1_0_0
1201,2007-12-04_15-24-45,1,0,1,0,0,1_0_1_0_0
1201,2007-12-04_11-12-10,1,0,1,0,0,1_0_1_0_0
1201,2007-12-04_11-10-55,1,0,1,0,0,1_0_1_0_0
1201,2007-12-07_16-26-45,1,0,0,0,0,1_0_0_0_0
1202,2007-12-04_15-56-52,0,1,0,0,1,0_1_0_0_1
1203,2007-12-05_15-02-21,1,0,0,0,0,1_0_0_0_0
1204,2009-03-14_15-36-52,1,0,0,0,0,1_0_0_0_0
1206,2009-02-17_14-02-00,1,1,0,0,0,1_1_0_0_0
1209,2010-02-05_17-32-50,1,0,0,0,0,1_0_0_0_0
1209,2010-02-05_17-33-19,1,0,0,0,1,1_0_0_0_1
1209,2010-02-05_17-33-53,1,0,0,0,1,1_0_0_0_1
1209,2010-02-05_17-35-17,1,0,0,0,1,1_0_0_0_1
1210,2009-03-14_10-58-00,1,0,0,0,0,1_0_0_0_0
1212,2009-09-04_15-24-00,1,0,0,0,0,1_0_0_0_0
1212,2009-11-27_14-56-03,1,0,0,0,1,1_0_0_0_1
1212,2009-07-07_12-17-27,1,0,0,0,0,1_0_0_0_0
1212,2009-07-07_12-17-00,1,0,0,0,0,1_0_0_0_0
1212,2009-06-25_12-35-27,1,0,0,0,1,1_0_0_0_1
1212,2009-06-25_12-36-42,1,0,0,0,0,1_0_0_0_0
1212,2008-11-19_15-03-26,1,0,0,0,0,1_0_0_0_0
1212,2009-07-07_12-05-52,1,0,0,0,0,1_0_0_0_0
1212,2009-06-25_12-35-51,1,0,0,0,0,1_0_0_0_0
1213,2007-12-05_09-31-38,1,0,1,0,0,1_0_1_0_0
1213,2007-12-07_14-58-56,1,0,1,0,0,1_0_1_0_0
1213,2007-12-07_13-24-01,1,0,1,0,0,1_0_1_0_0
1213,2007-12-07_09-00-56,1,0,1,0,1,1_0_1_0_1
1213,2007-12-06_18-01-27,1,0,1,0,1,1_0_1_0_1
1213,2007-12-06_10-18-57,1,0,1,0,1,1_0_1_0_1
1213,2007-12-05_15-59-49,1,0,1,0,0,1_0_1_0_0
1213,2007-12-05_15-59-30,1,0,1,0,0,1_0_1_0_0
1213,2007-12-05_10-02-33,1,0,1,0,0,1_0_1_0_0
1213,2007-12-04_16-50-33,1,0,1,0,0,1_0_1_0_0
1213,2007-12-04_16-50-20,1,0,1,0,0,1_0_1_0_0
1213,2007-12-04_16-43-24,1,0,1,0,0,1_0_1_0_0
1213,2007-12-04_12-33-22,1,0,1,0,1,1_0_1_0_1
1213,2007-12-04_12-32-56,1,0,1,0,0,1_0_1_0_0
1213,2007-12-04_09-45-29,1,0,1,0,0,1_0_1_0_0
1213,2007-12-04_09-45-16,1,0,1,0,0,1_0_1_0_0
1213,2007-12-04_09-45-01,1,0,1,0,0,1_0_1_0_0
1213,2007-12-04_08-56-30,1,0,1,0,1,1_0_1_0_1
1213,2007-12-04_08-56-04,1,0,1,0,0,1_0_1_0_0
1213,2007-12-03_19-17-54,1,0,1,0,0,1_0_1_0_0
1214,2008-12-16_14-31-06,1,0,0,0,0,1_0_0_0_0
1215,2009-03-14_12-45-22,1,0,1,0,0,1_0_1_0_0
1218,2009-02-18_17-07-20,1,0,0,0,0,1_0_0_0_0
1219,2009-02-18_17-08-01,1,1,0,1,1,1_1_0_1_1
1219,2009-02-18_17-06-01,1,1,0,0,1,1_1_0_0_1
2001,2008-02-18_11-00-29,1,0,1,0,0,1_0_1_0_0
2001,2008-03-20_11-09-07,1,0,1,0,1,1_0_1_0_1
2001,2008-03-18_10-49-30,1,0,1,0,0,1_0_1_0_0
2001,2008-03-18_09-57-38,1,0,1,0,0,1_0_1_0_0
2001,2008-03-17_10-47-12,1,0,1,0,0,1_0_1_0_0
2001,2008-03-14_10-57-39,1,0,1,0,0,1_0_1_0_0
2001,2008-03-13_13-28-51,1,0,1,0,0,1_0_1_0_0
2001,2008-03-12_16-58-43,1,0,1,0,0,1_0_1_0_0
2001,2008-03-11_13-03-22,1,0,1,0,0,1_0_1_0_0
2001,2008-03-05_17-23-17,1,0,1,0,0,1_0_1_0_0
2001,2008-03-12_15-57-28,1,0,1,0,0,1_0_1_0_0
2001,2008-03-04_13-51-50,1,0,1,0,1,1_0_1_0_1
2001,2008-03-04_13-02-53,1,0,1,0,0,1_0_1_0_0
2001,2008-03-04_12-14-21,1,0,1,0,0,1_0_1_0_0
2001,2008-02-25_11-57-05,1,0,1,0,0,1_0_1_0_0
2001,2008-02-20_15-55-13,1,0,1,0,0,1_0_1_0_0
2001,2008-02-19_14-02-34,1,0,1,0,0,1_0_1_0_0
2001,2008-02-19_12-53-11,1,0,1,0,0,1_0_1_0_0
2001,2008-02-19_11-31-48,1,0,1,0,0,1_0_1_0_0
2001,2008-03-05_16-41-36,1,0,1,0,0,1_0_1_0_0
2002,2008-03-17_13-41-17,1,0,0,0,0,1_0_0_0_0
2002,2008-03-17_10-01-11,1,0,0,0,0,1_0_0_0_0
2002,2008-03-17_09-23-10,1,0,0,0,1,1_0_0_0_1
2002,2008-02-26_08-40-14,1,0,0,0,0,1_0_0_0_0
2002,2008-02-21_14-15-22,1,0,0,0,0,1_0_0_0_0
2002,2008-02-21_09-37-09,1,0,0,0,0,1_0_0_0_0
2002,2008-02-21_10-44-32,1,0,0,0,0,1_0_0_0_0
2002,2008-02-20_11-20-24,1,0,0,0,0,1_0_0_0_0
2002,2008-02-20_09-36-31,1,0,0,0,0,1_0_0_0_0
2002,2008-02-19_15-58-06,1,0,0,0,0,1_0_0_0_0
2002,2008-02-19_15-20-58,1,0,0,0,0,1_0_0_0_0
2002,2008-02-19_14-10-33,1,0,0,0,0,1_0_0_0_0
2002,2008-02-20_16-39-01,1,0,0,0,0,1_0_0_0_0
2003,2008-02-28_15-51-48,1,0,1,0,0,1_0_1_0_0
2003,2008-02-22_11-02-09,1,0,1,0,1,1_0_1_0_1
2003,2008-02-21_14-02-54,1,0,1,0,0,1_0_1_0_0
2003,2008-02-22_11-47-51,1,0,1,0,1,1_0_1_0_1
2003,2008-02-20_13-12-33,1,0,1,0,0,1_0_1_0_0
2003,2008-02-20_10-40-10,1,0,1,0,1,1_0_1_0_1
2003,2008-02-20_13-52-30,1,0,1,0,1,1_0_1_0_1
2004,2008-03-20_08-18-03,1,0,0,0,0,1_0_0_0_0
2004,2008-05-14_09-47-48,1,0,0,0,0,1_0_0_0_0
2004,2008-04-24_17-52-21,1,0,0,0,0,1_0_0_0_0
2004,2008-04-11_18-05-07,1,0,0,0,1,1_0_0_0_1
2004,2008-04-11_18-04-56,1,0,0,0,0,1_0_0_0_0
2004,2008-04-11_18-04-43,1,0,0,0,0,1_0_0_0_0
2004,2008-04-02_16-59-06,1,0,0,0,0,1_0_0_0_0
2004,2008-03-26_18-38-11,1,0,0,0,0,1_0_0_0_0
2004,2008-03-26_16-41-07,1,0,0,0,0,1_0_0_0_0
2004,2008-03-20_17-15-17,1,0,0,0,0,1_0_0_0_0
2004,2008-03-19_18-11-43,1,0,0,0,0,1_0_0_0_0
2004,2008-04-04_10-43-23,1,0,0,0,0,1_0_0_0_0
2004,2008-03-19_14-42-29,1,0,0,0,0,1_0_0_0_0
2004,2008-03-19_14-42-13,1,0,0,0,0,1_0_0_0_0
2004,2008-03-18_08-46-57,1,0,0,0,0,1_0_0_0_0
2004,2008-03-17_08-41-19,1,0,0,0,0,1_0_0_0_0
2004,2008-03-14_18-06-50,1,0,0,0,0,1_0_0_0_0
2004,2008-03-14_18-06-19,1,0,0,0,0,1_0_0_0_0
2004,2008-03-14_18-06-00,1,0,0,0,0,1_0_0_0_0
2004,2008-02-25_17-39-07,1,0,0,0,0,1_0_0_0_0
2004,2008-02-21_18-10-25,1,0,0,0,0,1_0_0_0_0
2004,2008-02-19_17-41-10,1,0,0,0,0,1_0_0_0_0
2004,2008-03-19_18-11-31,1,0,0,0,0,1_0_0_0_0
2005,2008-02-19_12-37-18,1,0,0,0,0,1_0_0_0_0
2005,2008-02-19_12-36-59,1,0,0,0,0,1_0_0_0_0
2005,2008-02-19_12-36-34,1,0,0,0,0,1_0_0_0_0
2005,2008-02-19_12-36-06,1,0,0,0,0,1_0_0_0_0
2005,2008-02-19_12-36-47,1,0,0,0,0,1_0_0_0_0
2005,2008-02-19_12-35-34,1,0,0,0,0,1_0_0_0_0
2005,2008-02-19_12-35-12,1,0,0,0,0,1_0_0_0_0
2005,2008-02-19_12-34-23,1,0,0,0,0,1_0_0_0_0
2005,2008-02-19_12-34-11,1,0,0,0,0,1_0_0_0_0
2005,2008-02-19_12-35-49,1,0,0,0,0,1_0_0_0_0
2009,2008-03-18_17-09-55,1,1,0,0,0,1_1_0_0_0
2009,2008-03-18_17-10-14,1,1,0,0,1,1_1_0_0_1
2009,2008-04-25_12-27-23,1,1,0,0,0,1_1_0_0_0
2011,2008-04-17_15-39-07,1,0,0,0,0,1_0_0_0_0
2011,2008-04-17_17-43-39,1,0,0,0,1,1_0_0_0_1
2011,2008-04-23_17-01-45,1,0,0,0,0,1_0_0_0_0
2011,2008-04-30_17-39-10,1,0,0,0,0,1_0_0_0_0
2011,2008-05-09_14-43-25,1,0,0,0,0,1_0_0_0_0
2011,2008-06-02_17-17-16,1,0,0,0,0,1_0_0_0_0
2011,2008-05-27_10-43-21,1,0,0,0,0,1_0_0_0_0
2011,2008-05-27_17-34-55,1,0,0,0,0,1_0_0_0_0
2011,2008-06-09_12-29-49,1,0,0,0,0,1_0_0_0_0
2011,2008-06-10_13-18-26,1,0,0,0,0,1_0_0_0_0
2011,2008-04-16_18-03-14,1,0,0,0,0,1_0_0_0_0
2011,2008-05-13_13-21-01,1,0,0,0,0,1_0_0_0_0
2011,2008-04-16_12-21-32,1,0,0,0,0,1_0_0_0_0
2011,2008-04-14_17-56-23,1,0,0,0,0,1_0_0_0_0
2011,2008-04-15_17-39-52,1,0,0,0,0,1_0_0_0_0
2011,2008-04-15_12-20-23,1,0,0,0,0,1_0_0_0_0
2011,2008-04-16_10-34-24,1,0,0,0,0,1_0_0_0_0
2011,2008-04-11_11-35-31,1,0,0,0,0,1_0_0_0_0
2011,2008-04-09_18-10-30,1,0,0,0,0,1_0_0_0_0
2011,2008-04-09_16-51-33,1,0,0,0,0,1_0_0_0_0
2011,2008-04-09_12-24-35,1,0,0,0,1,1_0_0_0_1
2011,2008-04-08_18-33-58,1,0,0,0,0,1_0_0_0_0
2011,2008-04-08_18-33-44,1,0,0,0,0,1_0_0_0_0
2011,2008-04-08_18-33-30,1,0,0,0,0,1_0_0_0_0
2011,2008-03-28_13-18-47,1,0,0,0,0,1_0_0_0_0
2011,2008-03-27_17-47-12,1,0,0,0,0,1_0_0_0_0
2013,2008-02-15_18-35-20,1,1,0,0,0,1_1_0_0_0
2013,2008-02-15_18-35-04,1,1,0,0,0,1_1_0_0_0
2015,2008-02-20_11-38-23,1,1,0,0,0,1_1_0_0_0
2015,2008-02-20_15-03-18,1,0,0,0,0,1_0_0_0_0
2015,2008-02-22_10-29-21,1,1,0,0,0,1_1_0_0_0
2015,2008-02-25_09-20-11,1,1,0,0,1,1_1_0_0_1
2015,2008-02-28_17-07-06,1,1,0,0,0,1_1_0_0_0
2015,2008-03-05_09-50-52,1,1,0,0,1,1_1_0_0_1
2015,2008-03-07_11-33-36,1,1,0,0,0,1_1_0_0_0
2015,2008-03-11_09-56-17,1,1,0,0,0,1_1_0_0_0
2015,2008-03-31_14-36-32,1,1,0,0,0,1_1_0_0_0
2016,2008-02-26_10-56-59,1,0,1,0,0,1_0_1_0_0
2016,2008-02-22_10-00-24,1,0,1,0,0,1_0_1_0_0
2016,2008-03-05_09-09-03,1,0,1,0,0,1_0_1_0_0
2016,2008-02-19_15-12-47,1,0,1,0,1,1_0_1_0_1
2016,2008-02-19_15-18-45,1,0,1,0,0,1_0_1_0_0
2018,2008-04-24_10-58-50,1,0,0,0,1,1_0_0_0_1
2018,2008-05-09_13-48-31,1,0,0,0,0,1_0_0_0_0
2018,2008-05-09_13-49-02,1,0,0,0,0,1_0_0_0_0
2018,2008-05-09_13-49-47,1,0,0,0,0,1_0_0_0_0
2018,2008-06-05_16-16-48,1,0,0,0,1,1_0_0_0_1
2018,2008-06-06_11-30-39,1,0,0,0,0,1_0_0_0_0
2018,2008-06-10_14-51-09,1,0,0,0,1,1_0_0_0_1
2020,2008-03-12_15-08-33,1,0,0,0,0,1_0_0_0_0
2020,2008-03-12_15-48-16,1,0,0,0,0,1_0_0_0_0
2020,2008-03-14_14-56-15,1,0,0,0,0,1_0_0_0_0
2020,2008-04-02_15-29-40,1,0,0,0,0,1_0_0_0_0
2022,2008-06-13_08-37-59,1,0,1,0,0,1_0_1_0_0
2022,2008-06-13_08-37-54,1,0,1,0,0,1_0_1_0_0
2022,2008-03-18_13-35-52,1,0,1,0,0,1_0_1_0_0
2022,2008-02-15_16-01-02,1,1,1,0,0,1_1_1_0_0
2022,2008-06-13_08-37-46,1,0,1,0,0,1_0_1_0_0
2023,2008-03-20_16-12-58,1,1,0,0,0,1_1_0_0_0
2023,2008-05-13_16-08-39,1,1,0,0,0,1_1_0_0_0
2023,2008-04-23_17-06-29,1,1,0,0,0,1_1_0_0_0
2023,2008-04-18_16-31-13,1,1,0,0,0,1_1_0_0_0
2023,2008-04-11_16-36-01,1,1,0,0,0,1_1_0_0_0
2023,2008-04-08_17-09-39,1,1,0,0,0,1_1_0_0_0
2023,2008-04-07_17-08-11,1,1,0,0,0,1_1_0_0_0
2023,2008-03-28_16-34-05,1,1,0,0,0,1_1_0_0_0
2023,2008-03-27_17-02-17,1,1,0,0,0,1_1_0_0_0
2023,2008-03-25_08-23-38,1,1,0,0,0,1_1_0_0_0
2023,2008-03-19_17-03-41,1,1,0,0,0,1_1_0_0_0
2023,2008-03-31_17-08-18,1,1,0,0,0,1_1_0_0_0
2023,2008-03-14_17-00-24,1,1,0,0,0,1_1_0_0_0
2023,2008-02-15_17-05-37,1,1,0,0,0,1_1_0_0_0
2023,2008-02-18_17-07-22,1,1,0,0,1,1_1_0_0_1
2023,2008-02-20_17-07-10,1,1,0,0,0,1_1_0_0_0
2023,2008-02-20_17-07-23,1,1,0,0,0,1_1_0_0_0
2023,2008-02-22_17-06-44,1,1,0,0,1,1_1_0_0_1
2023,2008-03-17_17-06-41,1,1,0,0,0,1_1_0_0_0
2023,2008-03-05_17-09-51,1,1,0,0,0,1_1_0_0_0
2023,2008-03-12_17-13-06,1,1,0,0,0,1_1_0_0_0
2023,2008-03-13_17-06-56,1,1,0,0,0,1_1_0_0_0
2023,2008-02-25_10-29-35,1,1,0,1,0,1_1_0_1_0
2025,2008-02-20_16-44-42,1,0,0,0,0,1_0_0_0_0
2025,2008-02-20_16-45-01,1,0,0,0,0,1_0_0_0_0
2025,2008-02-28_16-56-07,1,0,0,0,0,1_0_0_0_0
2025,2008-02-28_16-56-20,1,0,0,0,0,1_0_0_0_0
2025,2008-02-28_16-56-33,1,0,0,0,0,1_0_0_0_0
2026,2008-06-01_11-44-00,1,0,0,0,1,1_0_0_0_1
2026,2008-05-18_13-11-39,1,0,0,0,0,1_0_0_0_0
2026,2008-05-18_13-11-45,1,0,0,0,0,1_0_0_0_0
2026,2008-05-18_13-11-54,1,0,0,0,0,1_0_0_0_0
2026,2008-06-01_11-44-11,1,0,0,0,1,1_0_0_0_1
2026,2008-06-01_11-42-50,1,0,0,1,0,1_0_0_1_0
2026,2008-06-01_11-43-35,1,0,0,0,1,1_0_0_0_1
2026,2008-05-18_13-11-20,1,0,0,0,1,1_0_0_0_1
2026,2008-05-18_15-50-08,1,0,0,0,0,1_0_0_0_0
2026,2008-05-09_11-53-46,1,0,0,0,1,1_0_0_0_1
2026,2008-06-01_11-42-44,1,0,0,0,0,1_0_0_0_0
2026,2008-03-11_07-28-57,1,0,0,0,0,1_0_0_0_0
2026,2008-02-28_15-39-08,1,0,0,0,0,1_0_0_0_0
2026,2008-02-28_15-38-17,1,0,0,0,0,1_0_0_0_0
2026,2008-02-28_15-37-52,1,0,0,1,0,1_0_0_1_0
2026,2008-02-28_15-08-21,1,0,0,1,0,1_0_0_1_0
2026,2008-05-09_11-40-47,1,0,0,0,1,1_0_0_0_1
2026,2008-02-28_15-07-02,1,0,0,0,0,1_0_0_0_0
2026,2008-02-18_17-52-39,1,0,0,0,0,1_0_0_0_0
2026,2008-02-18_17-52-27,1,0,0,0,1,1_0_0_0_1
2026,2008-02-18_07-39-56,1,0,0,0,0,1_0_0_0_0
2027,2008-03-06_12-39-05,0,0,0,0,0,0_0_0_0_0
2027,2008-02-20_10-19-28,0,1,0,0,1,0_1_0_0_1
2027,2008-02-19_16-10-36,0,0,0,0,0,0_0_0_0_0
2027,2008-02-19_16-10-51,0,0,0,0,1,0_0_0_0_1
2027,2008-02-19_16-11-15,0,0,0,0,1,0_0_0_0_1
2028,2008-04-11_16-42-29,1,1,0,0,0,1_1_0_0_0
2028,2008-04-25_13-12-03,1,1,0,0,1,1_1_0_0_1
2028,2008-04-24_17-03-45,1,1,0,0,1,1_1_0_0_1
2028,2008-04-23_16-45-15,1,1,0,0,0,1_1_0_0_0
2028,2008-05-20_17-37-31,1,1,0,0,0,1_1_0_0_0
2028,2008-04-22_17-19-58,1,1,0,0,1,1_1_0_0_1
2028,2008-03-18_13-27-07,1,1,0,0,0,1_1_0_0_0
2028,2008-02-28_17-17-33,1,1,0,0,0,1_1_0_0_0
2028,2008-03-07_16-49-23,1,1,0,0,0,1_1_0_0_0
2028,2008-03-06_17-24-53,1,1,0,0,0,1_1_0_0_0
2028,2008-03-03_13-14-12,1,1,0,0,0,1_1_0_0_0
2028,2008-02-25_17-00-47,1,1,0,0,0,1_1_0_0_0
2028,2008-02-21_17-29-09,1,1,0,0,0,1_1_0_0_0
2028,2008-02-20_17-24-31,1,1,0,0,1,1_1_0_0_1
2028,2008-03-12_17-25-09,1,1,0,0,0,1_1_0_0_0
2029,2008-02-18_09-51-44,1,0,0,0,0,1_0_0_0_0
2029,2008-02-18_09-51-52,1,0,0,0,0,1_0_0_0_0
2029,2008-02-18_13-20-10,1,0,0,0,1,1_0_0_0_1
2029,2008-02-21_09-51-21,1,0,0,0,1,1_0_0_0_1
2029,2008-02-25_13-25-53,1,0,0,0,1,1_0_0_0_1
2029,2008-02-25_13-26-02,1,0,0,0,0,1_0_0_0_0
2030,2008-02-15_15-53-02,1,0,0,0,1,1_0_0_0_1
2031,2008-04-17_10-03-47,1,0,1,0,0,1_0_1_0_0
2031,2008-04-01_15-20-31,1,0,0,0,0,1_0_0_0_0
2031,2008-04-17_10-03-36,1,0,0,0,0,1_0_0_0_0
2032,2008-06-10_11-19-08,1,0,0,0,0,1_0_0_0_0
2033,2008-03-05_12-38-25,1,0,0,0,0,1_0_0_0_0
2033,2008-03-05_12-38-36,1,0,0,0,1,1_0_0_0_1
2033,2008-03-05_12-38-50,1,0,0,0,1,1_0_0_0_1
2036,2008-02-18_09-55-35,1,0,0,0,0,1_0_0_0_0
2038,2008-05-14_16-39-56,1,0,0,0,0,1_0_0_0_0
2038,2008-05-14_16-40-18,1,0,0,0,1,1_0_0_0_1
2038,2008-05-14_16-40-36,1,0,0,0,0,1_0_0_0_0
2039,2008-03-04_14-45-52,1,0,1,0,0,1_0_1_0_0
2041,2008-03-06_16-36-30,0,0,0,0,0,0_0_0_0_0
2041,2008-03-06_16-36-41,0,0,0,0,1,0_0_0_0_1
2041,2008-03-06_16-37-02,0,0,0,0,1,0_0_0_0_1
2043,2008-05-22_16-57-55,1,1,1,0,0,1_1_1_0_0
2043,2008-05-20_17-36-36,1,1,1,0,0,1_1_1_0_0
2043,2008-04-30_09-36-41,1,1,1,0,0,1_1_1_0_0
2043,2008-04-29_16-04-39,1,1,1,0,0,1_1_1_0_0
2043,2008-04-29_16-04-26,1,1,1,0,0,1_1_1_0_0
2044,2008-02-28_17-20-43,1,0,0,0,0,1_0_0_0_0
2044,2008-03-28_12-07-27,1,0,0,0,1,1_0_0_0_1
2045,2008-04-16_09-40-00,1,0,0,0,0,1_0_0_0_0
2046,2008-03-06_10-23-12,1,1,0,0,0,1_1_0_0_0
2046,2008-03-06_10-23-50,1,1,0,0,0,1_1_0_0_0
2046,2008-03-06_11-43-08,1,1,0,0,1,1_1_0_0_1
2046,2008-03-31_16-38-24,1,1,0,0,0,1_1_0_0_0
2046,2008-04-02_16-32-59,1,1,0,0,0,1_1_0_0_0
2047,2008-05-28_09-55-11,1,1,0,0,0,1_1_0_0_0
2047,2008-05-28_09-55-37,1,1,0,0,0,1_1_0_0_0
2048,2008-06-18_12-07-38,1,0,0,0,0,1_0_0_0_0
2051,2008-06-26_16-08-39,1,1,0,0,0,1_1_0_0_0
2051,2008-03-13_16-11-38,1,1,0,0,0,1_1_0_0_0
2051,2008-03-07_15-16-32,1,0,0,0,0,1_0_0_0_0
2051,2008-02-29_15-30-34,1,1,0,0,1,1_1_0_0_1
2051,2008-02-18_16-54-13,1,1,0,0,1,1_1_0_0_1
2051,2008-02-22_15-54-41,1,0,0,0,1,1_0_0_0_1
2052,2008-03-17_10-22-27,1,0,0,0,0,1_0_0_0_0
2052,2008-03-17_10-22-38,1,0,0,0,0,1_0_0_0_0
2052,2008-03-17_10-22-50,1,0,0,0,0,1_0_0_0_0
2052,2008-03-19_11-40-29,1,0,0,0,0,1_0_0_0_0
2052,2008-03-19_11-42-38,1,0,0,0,0,1_0_0_0_0
2052,2008-06-18_15-40-46,1,0,0,0,0,1_0_0_0_0
2053,2008-05-23_07-42-56,1,0,0,0,0,1_0_0_0_0
2055,2008-02-18_08-37-51,1,0,0,0,1,1_0_0_0_1
2055,2008-02-18_16-54-29,1,0,0,0,1,1_0_0_0_1
2056,2008-02-19_16-57-23,1,0,0,0,0,1_0_0_0_0
2058,2008-02-25_15-04-08,1,0,0,0,0,1_0_0_0_0
2058,2008-02-25_17-05-29,1,0,0,0,0,1_0_0_0_0
2059,2008-03-03_16-10-00,1,0,1,0,1,1_0_1_0_1
2059,2008-03-03_16-10-42,1,0,1,0,1,1_0_1_0_1
2059,2008-03-10_15-45-49,1,0,1,0,1,1_0_1_0_1
2059,2008-03-10_15-46-13,1,0,1,0,0,1_0_1_0_0
2060,2008-02-21_16-56-52,1,0,0,0,0,1_0_0_0_0
2060,2008-02-21_16-57-16,1,0,0,0,0,1_0_0_0_0
2064,2007-12-13_10-15-19,1,1,0,0,1,1_1_0_0_1
2064,2008-05-16_11-06-33,1,1,0,0,0,1_1_0_0_0
2064,2008-05-16_11-07-20,1,1,0,0,0,1_1_0_0_0
2064,2008-05-16_11-10-13,1,1,0,0,0,1_1_0_0_0
2064,2007-12-10_17-42-25,1,1,0,0,0,1_1_0_0_0
2064,2008-05-16_11-17-22,1,1,0,0,0,1_1_0_0_0
2064,2008-05-16_11-34-25,1,1,0,0,0,1_1_0_0_0
2064,2008-05-16_11-21-54,1,1,0,0,0,1_1_0_0_0
2064,2008-05-16_11-13-41,1,1,0,0,0,1_1_0_0_0
2064,2007-12-07_11-12-45,1,1,0,0,0,1_1_0_0_0
2064,2007-12-04_09-32-36,1,0,0,0,0,1_0_0_0_0
2064,2007-12-06_12-28-40,1,1,0,0,0,1_1_0_0_0
2064,2007-12-04_09-31-45,1,0,0,0,1,1_0_0_0_1
2064,2007-12-04_09-37-23,1,0,0,0,0,1_0_0_0_0
2064,2007-12-04_12-06-58,1,0,0,0,0,1_0_0_0_0
2064,2007-12-04_15-20-26,1,0,0,0,0,1_0_0_0_0
2064,2007-12-06_12-32-13,1,1,0,0,0,1_1_0_0_0
2064,2007-12-05_13-43-14,1,0,0,1,1,1_0_0_1_1
2064,2007-12-05_13-43-26,1,0,0,0,0,1_0_0_0_0
2064,2007-12-05_17-31-10,1,0,0,0,0,1_0_0_0_0
2064,2007-12-05_13-42-35,1,0,0,0,0,1_0_0_0_0
2066,2008-04-18_16-55-49,1,0,0,0,0,1_0_0_0_0
2067,2008-05-09_17-32-52,1,1,1,0,0,1_1_1_0_0
2067,2008-05-09_17-33-21,1,1,1,0,0,1_1_1_0_0
2069,2008-04-01_15-20-15,1,0,1,0,1,1_0_1_0_1
2070,2008-02-20_07-45-41,1,0,1,0,0,1_0_1_0_0
2070,2008-03-13_07-40-57,1,0,1,0,0,1_0_1_0_0
2072,2008-06-11_16-56-30,1,0,0,0,0,1_0_0_0_0
2072,2008-06-03_17-10-29,1,0,0,0,0,1_0_0_0_0
2073,2008-03-12_17-30-51,1,1,0,0,1,1_1_0_0_1
2073,2008-03-13_17-55-02,1,1,0,0,0,1_1_0_0_0
2073,2008-03-19_17-55-25,1,1,0,0,0,1_1_0_0_0
2073,2008-04-01_17-10-28,1,1,0,0,0,1_1_0_0_0
2074,2008-02-20_16-16-17,1,1,0,0,0,1_1_0_0_0
2074,2008-02-20_16-16-52,1,1,0,0,1,1_1_0_0_1
2076,2008-02-20_12-09-48,0,0,0,0,1,0_0_0_0_1
2077,2008-05-22_15-53-24,0,0,0,0,1,0_0_0_0_1
2078,2008-04-02_17-08-45,1,1,1,0,0,1_1_1_0_0
2082,2008-04-14_07-23-08,1,0,0,0,0,1_0_0_0_0
2083,2008-03-13_10-47-25,1,0,0,0,0,1_0_0_0_0
2083,2008-06-27_12-37-18,1,0,0,0,0,1_0_0_0_0
2084,2008-05-23_18-19-59,0,0,0,0,0,0_0_0_0_0
2088,2008-04-11_14-17-31,1,0,0,0,0,1_0_0_0_0
2089,2008-04-18_12-10-06,1,1,0,0,0,1_1_0_0_0
2091,2008-03-31_16-38-37,0,0,0,0,0,0_0_0_0_0
2091,2008-04-01_11-28-01,0,0,0,0,1,0_0_0_0_1
2092,2008-03-28_16-33-36,1,0,0,0,0,1_0_0_0_0
2092,2008-06-13_15-55-43,1,0,0,0,0,1_0_0_0_0
2094,2008-03-07_13-06-00,1,0,0,0,0,1_0_0_0_0
2095,2008-03-02_08-39-56,1,0,0,0,1,1_0_0_0_1
2095,2008-03-08_09-23-25,1,0,0,0,0,1_0_0_0_0
2096,2007-12-07_10-57-42,1,0,0,0,0,1_0_0_0_0
2111,2008-04-29_15-06-18,1,0,0,0,0,1_0_0_0_0
2111,2008-04-17_11-26-24,1,0,0,0,0,1_0_0_0_0
2111,2008-04-16_09-31-00,1,0,0,0,0,1_0_0_0_0
2111,2008-04-15_08-08-01,1,0,0,0,0,1_0_0_0_0
2111,2008-04-16_09-31-15,1,0,0,0,0,1_0_0_0_0
2113,2008-02-21_17-02-05,1,0,0,0,0,1_0_0_0_0
2115,2008-03-18_17-35-14,1,0,0,1,0,1_0_0_1_0
2116,2008-06-26_10-44-49,1,0,0,0,0,1_0_0_0_0
2119,2008-03-06_15-12-24,1,0,1,0,1,1_0_1_0_1
2119,2008-03-06_15-12-40,1,0,1,0,0,1_0_1_0_0
2119,2008-03-06_15-14-23,1,0,1,0,0,1_0_1_0_0
2120,2008-03-10_13-40-47,1,1,1,0,0,1_1_1_0_0
2121,2007-12-04_10-50-01,1,1,0,0,0,1_1_0_0_0
2124,2008-02-18_17-34-41,1,1,0,0,0,1_1_0_0_0
2127,2008-02-20_17-22-08,1,1,0,0,0,1_1_0_0_0
2127,2008-02-20_17-21-51,1,1,0,0,1,1_1_0_0_1
2129,2007-12-07_10-25-07,1,1,1,0,0,1_1_1_0_0
2130,2008-03-05_16-18-20,1,1,1,0,0,1_1_1_0_0
2131,2008-05-14_13-01-33,1,0,0,0,0,1_0_0_0_0
2133,2008-02-19_16-58-05,0,0,0,0,1,0_0_0_0_1
2133,2008-02-21_18-02-38,0,0,0,0,1,0_0_0_0_1
2133,2008-05-16_18-02-58,0,0,0,0,1,0_0_0_0_1
2134,2008-05-09_16-15-14,1,0,0,0,0,1_0_0_0_0
2135,2008-04-02_17-31-58,0,1,0,0,1,0_1_0_0_1
2137,2008-06-06_10-02-59,0,0,0,0,0,0_0_0_0_0
2139,2007-12-06_06-01-35,1,1,0,0,0,1_1_0_0_0
2141,2008-02-21_14-21-31,1,1,0,0,0,1_1_0_0_0
2141,2008-02-21_14-21-44,1,1,0,0,1,1_1_0_0_1
2143,2008-06-19_14-39-24,1,0,0,0,0,1_0_0_0_0
2145,2008-04-15_09-43-59,0,0,0,0,1,0_0_0_0_1
2146,2008-05-16_12-36-09,1,1,0,0,0,1_1_0_0_0
2147,2008-03-12_13-52-07,0,0,0,0,1,0_0_0_0_1
2148,2008-04-14_13-42-24,1,0,0,0,0,1_0_0_0_0
2149,2008-04-04_17-19-42,0,1,0,0,0,0_1_0_0_0
2152,2008-05-28_16-35-52,1,1,0,1,0,1_1_0_1_0
2154,2008-05-28_10-15-24,1,0,0,0,1,1_0_0_0_1
2155,2008-05-16_10-02-23,1,0,0,0,0,1_0_0_0_0
2155,2008-05-30_09-32-00,1,0,0,0,0,1_0_0_0_0
2158,2008-03-12_17-49-23,1,0,0,0,0,1_0_0_0_0
2159,2008-04-15_12-15-46,1,0,0,0,0,1_0_0_0_0
2159,2008-04-15_12-16-22,1,0,0,0,1,1_0_0_0_1
2161,2008-05-12_13-24-46,0,0,0,0,0,0_0_0_0_0
2162,2008-02-21_11-12-28,1,0,0,0,0,1_0_0_0_0
2163,2008-02-23_12-19-42,1,0,0,0,1,1_0_0_0_1
2163,2008-02-23_10-34-26,1,0,0,0,0,1_0_0_0_0
2164,2008-02-18_07-18-04,1,1,0,0,0,1_1_0_0_0
2165,2008-04-14_13-43-17,1,0,0,0,0,1_0_0_0_0
2165,2008-04-14_13-44-08,1,0,0,1,0,1_0_0_1_0
2166,2008-04-07_13-48-28,1,0,0,0,1,1_0_0_0_1
2170,2007-12-04_13-16-06,1,0,1,0,1,1_0_1_0_1
2170,2007-12-04_13-38-35,1,0,1,0,0,1_0_1_0_0
2170,2007-12-04_13-39-48,1,0,1,0,1,1_0_1_0_1
2170,2007-12-04_13-40-07,1,0,1,0,0,1_0_1_0_0
2170,2007-12-04_13-42-24,1,0,1,1,1,1_0_1_1_1
2171,2007-12-13_10-15-56,0,0,0,0,1,0_0_0_0_1
2171,2007-12-13_06-38-57,0,0,0,0,0,0_0_0_0_0
2171,2007-12-12_08-32-14,0,0,0,0,0,0_0_0_0_0
2171,2007-12-11_11-57-14,0,0,0,0,0,0_0_0_0_0
2171,2007-12-11_08-41-44,0,0,0,0,0,0_0_0_0_0
2171,2007-12-07_09-07-34,0,0,0,0,0,0_0_0_0_0
2171,2007-12-07_09-02-28,0,0,0,0,0,0_0_0_0_0
2171,2007-12-06_08-33-48,0,0,0,0,0,0_0_0_0_0
2171,2007-12-06_08-41-29,0,0,0,0,0,0_0_0_0_0
2171,2007-12-05_11-59-13,0,0,0,0,0,0_0_0_0_0
2171,2007-12-05_11-58-44,0,0,0,0,0,0_0_0_0_0
2171,2007-12-04_10-33-24,0,0,0,0,0,0_0_0_0_0
2171,2007-12-04_10-00-32,0,0,0,0,0,0_0_0_0_0
2171,2007-12-06_08-42-23,0,0,0,0,0,0_0_0_0_0
2172,2007-12-07_13-42-12,1,0,0,0,1,1_0_0_0_1
2172,2007-12-07_12-35-52,1,0,0,0,1,1_0_0_0_1
2172,2007-12-06_14-06-52,1,0,0,0,0,1_0_0_0_0
2172,2007-12-04_16-29-08,1,0,0,0,0,1_0_0_0_0
2172,2007-12-04_15-33-44,1,0,0,0,1,1_0_0_0_1
2172,2007-12-04_15-31-41,1,0,0,0,1,1_0_0_0_1
2172,2007-12-04_15-31-32,1,0,0,1,1,1_0_0_1_1
2172,2007-12-04_10-58-50,1,0,0,0,0,1_0_0_0_0
2172,2007-12-04_10-58-42,1,0,0,0,1,1_0_0_0_1
2172,2007-12-04_15-32-47,1,0,0,0,0,1_0_0_0_0
2173,2007-12-13_10-35-54,1,0,0,0,0,1_0_0_0_0
2173,2007-12-11_09-04-56,1,0,0,0,0,1_0_0_0_0
2173,2007-12-07_10-21-43,1,0,0,0,0,1_0_0_0_0
2173,2007-12-06_10-28-15,1,1,0,0,0,1_1_0_0_0
2173,2007-12-05_11-25-36,1,1,0,0,0,1_1_0_0_0
2173,2007-12-05_09-41-38,1,1,0,0,0,1_1_0_0_0
2173,2007-12-04_09-30-59,1,0,0,0,0,1_0_0_0_0
2173,2007-12-05_12-02-43,1,1,0,0,0,1_1_0_0_0
2174,2007-12-05_17-20-52,1,0,1,0,1,1_0_1_0_1
2174,2007-12-06_14-28-51,1,0,1,0,0,1_0_1_0_0
2174,2007-12-06_14-28-27,1,0,1,0,1,1_0_1_0_1
2174,2007-12-06_14-28-08,1,0,1,0,1,1_0_1_0_1
2174,2007-12-06_09-30-43,1,0,1,0,1,1_0_1_0_1
2174,2007-12-06_09-30-23,1,0,1,0,1,1_0_1_0_1
2174,2007-12-05_13-10-05,1,0,1,0,1,1_0_1_0_1
2174,2007-12-04_09-16-01,1,0,1,0,0,1_0_1_0_0
2174,2007-12-05_09-29-48,1,0,1,0,0,1_0_1_0_0
2174,2007-12-04_17-03-06,1,0,1,0,1,1_0_1_0_1
2174,2007-12-04_09-19-09,1,0,1,0,1,1_0_1_0_1
2174,2007-12-04_09-17-09,1,0,1,0,1,1_0_1_0_1
2174,2007-12-04_09-15-40,1,0,1,0,0,1_0_1_0_0
2174,2007-12-05_12-44-38,1,0,1,0,1,1_0_1_0_1
2175,2007-12-13_12-42-27,1,0,0,0,0,1_0_0_0_0
2175,2007-12-05_15-15-15,1,0,0,0,0,1_0_0_0_0
2175,2007-12-04_13-53-11,1,0,0,0,0,1_0_0_0_0
2175,2007-12-05_15-14-41,1,0,0,0,1,1_0_0_0_1
2176,2007-12-04_10-23-36,1,1,0,0,1,1_1_0_0_1
2176,2007-12-04_14-48-45,1,1,0,0,0,1_1_0_0_0
2176,2007-12-05_09-52-52,1,1,0,0,1,1_1_0_0_1
2178,2007-12-05_13-44-56,1,1,1,0,0,1_1_1_0_0
2178,2007-12-05_19-42-48,1,0,1,0,0,1_0_1_0_0
2179,2007-12-07_15-07-31,0,0,0,0,0,0_0_0_0_0
2179,2007-12-13_10-01-49,0,0,0,0,1,0_0_0_0_1
2179,2007-12-12_11-55-14,0,0,0,0,1,0_0_0_0_1
2179,2007-12-12_08-15-33,0,0,0,0,1,0_0_0_0_1
2179,2007-12-06_17-00-54,0,0,0,0,1,0_0_0_0_1
2179,2007-12-04_15-51-10,0,0,0,0,1,0_0_0_0_1
2179,2007-12-04_15-50-46,0,0,0,0,1,0_0_0_0_1
2179,2007-12-04_15-49-43,0,0,0,0,1,0_0_0_0_1
2179,2007-12-04_15-49-35,0,0,0,0,0,0_0_0_0_0
2179,2007-12-05_13-57-59,0,0,0,0,1,0_0_0_0_1
2180,2007-12-04_13-57-30,1,0,1,0,0,1_0_1_0_0
2180,2007-12-04_13-58-01,1,0,1,0,1,1_0_1_0_1
2180,2007-12-04_13-58-30,1,0,1,0,1,1_0_1_0_1
2180,2007-12-05_13-27-12,1,0,1,0,1,1_0_1_0_1
2180,2007-12-06_14-03-17,1,0,1,0,0,1_0_1_0_0
2183,2007-12-04_11-52-53,0,0,0,0,0,0_0_0_0_0
2183,2007-12-04_14-35-32,0,0,0,0,1,0_0_0_0_1
2186,2007-12-04_12-18-56,1,0,1,0,0,1_0_1_0_0
2186,2007-12-04_12-18-36,1,0,1,0,1,1_0_1_0_1
2186,2007-12-04_12-50-30,1,0,1,0,0,1_0_1_0_0
2186,2007-12-04_12-11-17,1,0,1,0,0,1_0_1_0_0
2186,2007-12-04_12-15-04,1,0,1,1,0,1_0_1_1_0
2187,2007-12-07_11-10-40,0,0,0,0,1,0_0_0_0_1
2187,2007-12-07_11-10-52,0,0,0,0,0,0_0_0_0_0
2188,2007-12-06_00-15-02,1,0,0,0,0,1_0_0_0_0
2188,2007-12-06_00-15-35,1,0,0,0,0,1_0_0_0_0
2188,2007-12-06_03-55-25,1,0,0,0,0,1_0_0_0_0
2188,2007-12-06_03-56-14,1,0,0,0,0,1_0_0_0_0
2188,2007-12-06_03-56-43,1,0,0,0,0,1_0_0_0_0
2188,2007-12-06_03-57-46,1,0,0,0,0,1_0_0_0_0
2188,2007-12-06_06-02-01,1,0,0,0,0,1_0_0_0_0
2192,2007-12-12_08-22-03,0,0,0,0,0,0_0_0_0_0
2192,2007-12-12_08-22-40,0,0,0,0,0,0_0_0_0_0
2192,2007-12-04_10-00-18,0,0,0,0,1,0_0_0_0_1
2192,2007-12-04_10-01-18,0,0,0,0,0,0_0_0_0_0
2194,2007-12-05_10-38-25,0,1,0,0,0,0_1_0_0_0
2195,2007-12-04_13-13-57,0,1,0,0,0,0_1_0_0_0
2195,2007-12-04_13-38-48,0,1,0,0,0,0_1_0_0_0
2198,2007-12-06_20-08-58,1,1,1,0,0,1_1_1_0_0
2198,2007-12-06_20-09-11,1,0,1,0,1,1_0_1_0_1
2199,2007-12-04_12-12-13,1,0,1,0,1,1_0_1_0_1
2199,2007-12-04_12-18-01,1,0,1,0,0,1_0_1_0_0
2199,2007-12-04_12-51-00,1,0,1,0,0,1_0_1_0_0
2200,2007-12-04_09-21-46,1,1,0,0,1,1_1_0_0_1
2200,2007-12-04_15-56-29,1,0,0,0,1,1_0_0_0_1
2200,2007-12-04_18-04-11,1,1,0,0,1,1_1_0_0_1
2200,2007-12-05_15-33-04,1,1,0,0,1,1_1_0_0_1
2201,2007-12-04_13-40-29,1,0,1,0,0,1_0_1_0_0
2201,2007-12-04_13-40-52,1,0,1,0,0,1_0_1_0_0
2206,2007-12-12_12-48-23,1,0,1,0,0,1_0_1_0_0
2208,2007-12-04_14-09-20,0,0,0,0,0,0_0_0_0_0
2208,2007-12-06_11-37-29,0,0,0,0,1,0_0_0_0_1
2209,2007-12-06_09-49-52,1,0,0,0,0,1_0_0_0_0
2209,2007-12-06_09-50-15,1,0,0,1,0,1_0_0_1_0
2209,2007-12-06_09-50-31,1,0,0,0,0,1_0_0_0_0
2211,2007-12-12_20-48-42,1,0,0,0,1,1_0_0_0_1
2211,2007-12-13_00-33-51,1,0,0,0,0,1_0_0_0_0
2211,2007-12-13_00-34-26,1,0,0,0,0,1_0_0_0_0
2212,2007-12-06_08-42-32,0,0,0,0,0,0_0_0_0_0
2213,2007-12-04_13-15-55,1,1,0,0,0,1_1_0_0_0
2213,2007-12-04_13-39-33,1,1,0,0,0,1_1_0_0_0
2213,2007-12-04_13-42-56,1,1,0,0,1,1_1_0_0_1
2214,2007-12-05_12-50-39,1,0,0,0,0,1_0_0_0_0
2214,2007-12-05_12-51-00,1,0,0,0,0,1_0_0_0_0
2214,2007-12-05_12-50-15,1,0,0,0,0,1_0_0_0_0
2215,2007-12-13_10-02-08,1,0,0,0,1,1_0_0_0_1
2215,2007-12-13_10-02-18,1,0,0,0,1,1_0_0_0_1
2215,2007-12-13_10-02-53,1,0,0,0,1,1_0_0_0_1
2217,2007-12-04_10-31-16,1,0,0,0,0,1_0_0_0_0
2218,2007-12-05_13-57-45,1,0,0,0,1,1_0_0_0_1
2218,2007-12-05_17-14-10,1,0,0,0,1,1_0_0_0_1
2219,2007-12-04_13-14-20,1,0,1,0,0,1_0_1_0_0
2219,2007-12-04_13-38-17,1,0,1,0,0,1_0_1_0_0
2219,2007-12-04_13-41-51,1,0,1,1,1,1_0_1_1_1
2219,2007-12-04_13-44-12,1,0,1,0,1,1_0_1_0_1
2221,2007-12-12_10-21-08,1,0,0,0,0,1_0_0_0_0
2222,2007-12-04_09-57-15,0,0,0,0,1,0_0_0_0_1
2229,2007-12-04_09-40-17,1,1,0,0,0,1_1_0_0_0
2231,2008-02-26_14-42-47,1,1,0,0,0,1_1_0_0_0
2231,2008-02-26_14-43-01,1,1,0,0,0,1_1_0_0_0
